species	diet_state
Acinonyx_jubatus	Carnivore
Acomys_cahirinus	Omnivore
Acomys_dimidiatus	Omnivore
Acomys_kempi	Omnivore
Acomys_minous	Omnivore
Acomys_percivali	Omnivore
Acomys_russatus	Omnivore
Ailuropoda_melanoleuca	Herbivore
Amblysomus_hottentotus	Insectivore
Anoura_caudifer	Omnivore
Antrozous_pallidus	Insectivore
Apodemus_agrarius	Herbivore
Apodemus_speciosus	Herbivore
Apodemus_sylvaticus	Herbivore
Arctocephalus_gazella	Insectivore
Artibeus_jamaicensis	Frugivore
Artibeus_lituratus	Frugivore
Arvicanthis_niloticus	Omnivore
Arvicola_amphibius	Herbivore
Aselliscus_stoliczkanus	Insectivore
Ateles_fusciceps	Frugivore
Ateles_geoffroyi	Frugivore
Ateles_hybridus	Frugivore
Axis_porcinus	Herbivore
Balaenoptera_edeni	Omnivore
Balaenoptera_musculus	Insectivore
Balaenoptera_physalus	Omnivore
Bison_bonasus	Herbivore
Bos_javanicus	Herbivore
Bos_taurus	Herbivore
Brachyteles_arachnoides	Herbivore
Bradypus_torquatus	Herbivore
Budorcas_taxicolor	Herbivore
Callithrix_jacchus	Omnivore
Camelus_dromedarius	Herbivore
Canis_aureus	Carnivore
Canis_latrans	Carnivore
Canis_lupus	Carnivore
Capra_hircus	Herbivore
Capra_ibex	Herbivore
Capra_nubiana	Herbivore
Capreolus_capreolus	Herbivore
Capricornis_sumatraensis	Herbivore
Castor_canadensis	Herbivore
Castor_fiber	Herbivore
Cebus_albifrons	Insectivore
Cervus_elaphus	Herbivore
Cervus_nippon	Herbivore
Chionomys_nivalis	Omnivore
Chlorocebus_sabaeus	Frugivore
Choloepus_didactylus	Herbivore
Colobus_guereza	Herbivore
Corynorhinus_townsendii	Insectivore
Cricetus_cricetus	Herbivore
Crocidura_zimmermanni	Omnivore
Ctenodactylus_gundi	Herbivore
Cynocephalus_volans	Herbivore
Cynomys_gunnisoni	Herbivore
Cynomys_ludovicianus	Herbivore
Cynopterus_sphinx	Frugivore
Dama_dama	Herbivore
Dasypus_novemcinctus	Insectivore
Daubentonia_madagascariensis	Omnivore
Delphinapterus_leucas	Omnivore
Delphinus_delphis	Insectivore
Desmodus_rotundus	Carnivore
Dipodomys_merriami	Omnivore
Dipodomys_spectabilis	Omnivore
Dipus_sagitta	Herbivore
Dugong_dugon	Herbivore
Eira_barbara	Carnivore
Eliomys_quercinus	Omnivore
Eospalax_fontanierii	Omnivore
Eptesicus_fuscus	Insectivore
Equus_caballus	Herbivore
Equus_kiang	Herbivore
Erythrocebus_patas	Frugivore
Eschrichtius_robustus	Insectivore
Eubalaena_glacialis	Insectivore
Eumetopias_jubatus	Carnivore
Felis_catus	Carnivore
Felis_chaus	Carnivore
Geomys_bursarius	Herbivore
Gorilla_gorilla	Herbivore
Grampus_griseus	Omnivore
Heterohyrax_brucei	Herbivore
Hipposideros_larvatus	Insectivore
Hyaena_hyaena	Carnivore
Hydrurga_leptonyx	Insectivore
Hylobates_pileatus	Frugivore
Ia_io	Insectivore
Inia_geoffrensis	Carnivore
Jaculus_jaculus	Omnivore
Kogia_breviceps	Insectivore
Kogia_sima	Insectivore
Lasiopodomys_brandtii	Herbivore
Lasiopodomys_mandarinus	Herbivore
Lemmus_lemmus	Herbivore
Lemur_catta	Frugivore
Leontopithecus_rosalia	Omnivore
Lepus_capensis	Herbivore
Lepus_castroviejoi	Herbivore
Lepus_europaeus	Herbivore
Lepus_oiostolus	Herbivore
Lepus_timidus	Herbivore
Lepus_tolai	Herbivore
Lepus_yarkandensis	Herbivore
Lontra_canadensis	Carnivore
Loris_tardigradus	Insectivore
Loxodonta_africana	Herbivore
Lutra_lutra	Omnivore
Lycaon_pictus	Carnivore
Lynx_canadensis	Carnivore
Lynx_rufus	Carnivore
Macaca_assamensis	Herbivore
Macaca_cyclopis	Herbivore
Macaca_fascicularis	Omnivore
Macaca_mulatta	Herbivore
Macaca_nemestrina	Frugivore
Macaca_nigra	Frugivore
Macaca_silenus	Herbivore
Macroderma_gigas	Carnivore
Macrotus_californicus	Omnivore
Manis_javanica	Insectivore
Manis_pentadactyla	Insectivore
Marmota_flaviventris	Herbivore
Marmota_himalayana	Herbivore
Marmota_monax	Herbivore
Martes_flavigula	Carnivore
Martes_foina	Carnivore
Martes_martes	Omnivore
Mastacomys_fuscus	Omnivore
Megaderma_spasma	Omnivore
Megaptera_novaeangliae	Insectivore
Meles_meles	Carnivore
Mephitis_mephitis	Carnivore
Meriones_unguiculatus	Herbivore
Mesocricetus_auratus	Omnivore
Mesoplodon_densirostris	Insectivore
Microcebus_murinus	Frugivore
Micromys_minutus	Omnivore
Micronycteris_microtis	Insectivore
Microtus_agrestis	Herbivore
Microtus_californicus	Herbivore
Microtus_oregoni	Herbivore
Microtus_pennsylvanicus	Herbivore
Miniopterus_schreibersii	Insectivore
Mirounga_leonina	Omnivore
Molossus_molossus	Insectivore
Monachus_monachus	Carnivore
Monodon_monoceros	Omnivore
Mops_condylurus	Insectivore
Moschus_berezovskii	Herbivore
Muntiacus_crinifrons	Herbivore
Muntiacus_gongshanensis	Herbivore
Mus_minutoides	Herbivore
Mus_musculus	Herbivore
Mus_spretus	Herbivore
Mustela_erminea	Carnivore
Mustela_lutreola	Carnivore
Mustela_nivalis	Carnivore
Myospalax_psilurus	Omnivore
Myotis_daubentonii	Insectivore
Myotis_emarginatus	Insectivore
Myotis_mystacinus	Insectivore
Myotis_nattereri	Insectivore
Myotis_nesopolus	Insectivore
Myotis_yumanensis	Insectivore
Myrmecophaga_tridactyla	Insectivore
Neofelis_nebulosa	Carnivore
Neotoma_floridana	Herbivore
Nomascus_leucogenys	Frugivore
Nyctalus_aviator	Insectivore
Nyctalus_leisleri	Insectivore
Nyctereutes_procyonoides	Omnivore
Nycticebus_bengalensis	Omnivore
Nycticebus_coucang	Omnivore
Ochotona_argentata	Herbivore
Ochotona_princeps	Herbivore
Ondatra_zibethicus	Herbivore
Onychomys_arenicola	Insectivore
Onychomys_leucogaster	Insectivore
Onychomys_torridus	Insectivore
Orcinus_orca	Carnivore
Orycteropus_afer	Insectivore
Oryctolagus_cuniculus	Herbivore
Otocyon_megalotis	Omnivore
Ovis_aries	Herbivore
Ovis_canadensis	Herbivore
Pachyuromys_duprasi	Insectivore
Paguma_larvata	Carnivore
Pan_paniscus	Frugivore
Pan_troglodytes	Frugivore
Panthera_leo	Carnivore
Panthera_onca	Carnivore
Panthera_pardus	Carnivore
Panthera_tigris	Carnivore
Pantholops_hodgsonii	Herbivore
Papio_anubis	Omnivore
Papio_hamadryas	Herbivore
Peponocephala_electra	Omnivore
Peromyscus_eremicus	Insectivore
Peromyscus_leucopus	Insectivore
Phacochoerus_africanus	Herbivore
Phoca_vitulina	Carnivore
Phocoena_phocoena	Carnivore
Phocoena_sinus	Carnivore
Phodopus_roborovskii	Omnivore
Phodopus_sungorus	Omnivore
Phyllostomus_discolor	Omnivore
Phyllostomus_hastatus	Omnivore
Pipistrellus_abramus	Insectivore
Pipistrellus_nathusii	Insectivore
Pipistrellus_pipistrellus	Insectivore
Pipistrellus_pygmaeus	Insectivore
Platyrrhinus_helleri	Frugivore
Plecotus_auritus	Insectivore
Pongo_abelii	Frugivore
Pongo_pygmaeus	Frugivore
Prionailurus_bengalensis	Carnivore
Prionailurus_viverrinus	Carnivore
Psammomys_obesus	Herbivore
Pseudomys_desertor	Omnivore
Pseudorca_crassidens	Omnivore
Pteromys_volans	Omnivore
Pteropus_alecto	Frugivore
Pteropus_pselaphon	Frugivore
Puma_concolor	Carnivore
Rattus_norvegicus	Omnivore
Rattus_rattus	Omnivore
Rhabdomys_pumilio	Granivore
Rhinolophus_affinis	Insectivore
Rhinolophus_clivosus	Insectivore
Rhinolophus_ferrumequinum	Insectivore
Rhinolophus_hipposideros	Insectivore
Rhinolophus_rex	Insectivore
Rhinolophus_sinicus	Insectivore
Rhinolophus_trifoliatus	Insectivore
Rhinopithecus_bieti	Herbivore
Rhinopithecus_roxellana	Herbivore
Rhinopoma_microphyllum	Insectivore
Rhynchocyon_petersi	Insectivore
Rhynchomys_soricoides	Insectivore
Rhynchonycteris_naso	Insectivore
Rousettus_aegyptiacus	Omnivore
Rousettus_leschenaultii	Omnivore
Rupicapra_rupicapra	Herbivore
Saccopteryx_bilineata	Insectivore
Saccopteryx_leptura	Insectivore
Saguinus_midas	Omnivore
Saguinus_oedipus	Omnivore
Saimiri_boliviensis	Insectivore
Salpingotus_crassicauda	Omnivore
Scaptochirus_moschatus	Insectivore
Sciurus_carolinensis	Omnivore
Sciurus_vulgaris	Omnivore
Scotinomys_teguina	Insectivore
Scutisorex_somereni	Carnivore
Sigmodon_hispidus	Omnivore
Sorex_fumeus	Omnivore
Sorex_ornatus	Omnivore
Spermophilus_citellus	Omnivore
Suncus_etruscus	Insectivore
Suncus_murinus	Insectivore
Sus_scrofa	Herbivore
Sylvilagus_floridanus	Herbivore
Symphalangus_syndactylus	Frugivore
Tadarida_brasiliensis	Insectivore
Tadarida_teniotis	Insectivore
Talpa_europaea	Insectivore
Talpa_occidentalis	Insectivore
Tamandua_tetradactyla	Insectivore
Tamias_sibiricus	Granivore
Tapirus_indicus	Herbivore
Tenrec_ecaudatus	Insectivore
Thomomys_bottae	Herbivore
Tokudaia_muenninki	Herbivore
Trachypithecus_francoisi	Herbivore
Trachypithecus_germaini	Herbivore
Trachypithecus_shortridgei	Herbivore
Trichechus_inunguis	Herbivore
Tupaia_tana	Insectivore
Tursiops_truncatus	Carnivore
Typhlomys_cinereus	Omnivore
Urocyon_cinereoargenteus	Carnivore
Uromys_caudimaculatus	Omnivore
Ursus_americanus	Frugivore
Ursus_arctos	Herbivore
Ursus_maritimus	Carnivore
Vespertilio_murinus	Insectivore
Vulpes_corsac	Carnivore
Vulpes_ferrilata	Carnivore
Vulpes_lagopus	Carnivore
Vulpes_vulpes	Carnivore
Zalophus_californianus	Omnivore
