branch_id	parent_node	child_node	branch_length	parent_CN	child_CN	delta_CN	gain_count	loss_count	gain_event	loss_event	starting_CN	ending_CN	parent_diet	child_diet	diet_state	diet_binary	stable_diet_branch	child_label	parent_label
branch_1	215	216	13.16096977	2	1	-1	0	1	0	1	2	1	Non_plant	Non_plant	Non_plant	Non_plant	1	Node216	Node215
branch_2	216	217	35.23705264	1	1	0	0	0	0	0	1	1	Non_plant	Plant_dominant	Plant_dominant	Plant_dominant	0	Node217	Node216
branch_3	217	218	3.203003854	1	1	0	0	0	0	0	1	1	Plant_dominant	Plant_dominant	Plant_dominant	Plant_dominant	1	Node218	Node217
branch_4	218	1	45.096088507	1	1	0	0	0	0	0	1	1	Plant_dominant	Plant_dominant	Plant_dominant	Plant_dominant	1	Loxodonta_africana	Node218
branch_5	218	2	45.096084264	1	1	0	0	0	0	0	1	1	Plant_dominant	Plant_dominant	Plant_dominant	Plant_dominant	1	Heterohyrax_brucei	Node218
branch_6	217	219	38.414240153	1	2	1	1	0	1	0	1	2	Plant_dominant	Plant_dominant	Plant_dominant	Plant_dominant	1	Node219	Node217
branch_7	219	3	9.884847961	2	1	-1	0	1	0	1	2	1	Plant_dominant	Plant_dominant	Plant_dominant	Plant_dominant	1	Dugong_dugon	Node219
branch_8	219	4	9.8848506914	2	3	1	1	0	1	0	2	3	Plant_dominant	Plant_dominant	Plant_dominant	Plant_dominant	1	Trichechus_inunguis	Node219
branch_9	216	220	2.138436917	1	1	0	0	0	0	0	1	1	Non_plant	Non_plant	Non_plant	Non_plant	1	Node220	Node216
branch_10	220	5	81.39771931	1	1	0	0	0	0	0	1	1	Non_plant	Non_plant	Non_plant	Non_plant	1	Orycteropus_afer	Node220
branch_11	220	221	3.704861019	1	1	0	0	0	0	0	1	1	Non_plant	Non_plant	Non_plant	Non_plant	1	Node221	Node220
branch_12	221	222	5.60737714	1	1	0	0	0	0	0	1	1	Non_plant	Non_plant	Non_plant	Non_plant	1	Node222	Node221
branch_13	222	6	72.085462954	1	1	0	0	0	0	0	1	1	Non_plant	Non_plant	Non_plant	Non_plant	1	Tenrec_ecaudatus	Node222
branch_14	222	7	72.0854672019	1	1	0	0	0	0	0	1	1	Non_plant	Non_plant	Non_plant	Non_plant	1	Amblysomus_hottentotus	Node222
branch_15	221	8	77.692844643	1	1	0	0	0	0	0	1	1	Non_plant	Non_plant	Non_plant	Non_plant	1	Rhynchocyon_petersi	Node221
branch_16	215	223	5.430646	2	2	0	0	0	0	0	2	2	Non_plant	Non_plant	Non_plant	Non_plant	1	Node223	Node215
branch_17	223	224	3.654855	2	2	0	0	0	0	0	2	2	Non_plant	Non_plant	Non_plant	Non_plant	1	Node224	Node223
branch_18	224	225	4.089459	2	2	0	0	0	0	0	2	2	Non_plant	Non_plant	Non_plant	Non_plant	1	Node225	Node224
branch_19	225	226	7.087442	2	2	0	0	0	0	0	2	2	Non_plant	Non_plant	Non_plant	Non_plant	1	Node226	Node225
branch_20	226	227	6.643074	2	1	-1	0	1	0	1	2	1	Non_plant	Non_plant	Non_plant	Non_plant	1	Node227	Node226
branch_21	227	228	5.242817454	1	1	0	0	0	0	0	1	1	Non_plant	Non_plant	Non_plant	Non_plant	1	Node228	Node227
branch_22	228	229	10.78481652	1	1	0	0	0	0	0	1	1	Non_plant	Non_plant	Non_plant	Non_plant	1	Node229	Node228
branch_23	229	230	2.394738345	1	1	0	0	0	0	0	1	1	Non_plant	Non_plant	Non_plant	Non_plant	1	Node230	Node229
branch_24	230	9	51.3692510075	1	1	0	0	0	0	0	1	1	Non_plant	Non_plant	Non_plant	Non_plant	1	Rhinopoma_microphyllum	Node230
branch_25	230	231	35.65227079	1	1	0	0	0	0	0	1	1	Non_plant	Non_plant	Non_plant	Non_plant	1	Node231	Node230
branch_26	231	10	15.71698005	1	1	0	0	0	0	0	1	1	Non_plant	Non_plant	Non_plant	Non_plant	1	Megaderma_spasma	Node231
branch_27	231	11	15.71698005	1	1	0	0	0	0	0	1	1	Non_plant	Non_plant	Non_plant	Non_plant	1	Macroderma_gigas	Node231
branch_28	229	232	19.04810428	1	1	0	0	0	0	0	1	1	Non_plant	Non_plant	Non_plant	Non_plant	1	Node232	Node229
branch_29	232	233	19.7537091461	1	1	0	0	0	0	0	1	1	Non_plant	Non_plant	Non_plant	Non_plant	1	Node233	Node232
branch_30	233	234	0.7767706701	1	1	0	0	0	0	0	1	1	Non_plant	Non_plant	Non_plant	Non_plant	1	Node234	Node233
branch_31	234	235	4.150723437	1	1	0	0	0	0	0	1	1	Non_plant	Non_plant	Non_plant	Non_plant	1	Node235	Node234
branch_32	235	236	0.655535226	1	1	0	0	0	0	0	1	1	Non_plant	Non_plant	Non_plant	Non_plant	1	Node236	Node235
branch_33	236	12	9.379140711	1	1	0	0	0	0	0	1	1	Non_plant	Non_plant	Non_plant	Non_plant	1	Rhinolophus_sinicus	Node236
branch_34	236	13	9.3791409619	1	1	0	0	0	0	0	1	1	Non_plant	Non_plant	Non_plant	Non_plant	1	Rhinolophus_rex	Node236
branch_35	235	14	10.034676357	1	1	0	0	0	0	0	1	1	Non_plant	Non_plant	Non_plant	Non_plant	1	Rhinolophus_affinis	Node235
branch_36	234	15	14.1853989552	1	1	0	0	0	0	0	1	1	Non_plant	Non_plant	Non_plant	Non_plant	1	Rhinolophus_trifoliatus	Node234
branch_37	233	237	10.518724437	1	1	0	0	0	0	0	1	1	Non_plant	Non_plant	Non_plant	Non_plant	1	Node237	Node233
branch_38	237	16	4.44344376214	1	1	0	0	0	0	0	1	1	Non_plant	Non_plant	Non_plant	Non_plant	1	Rhinolophus_clivosus	Node237
branch_39	237	17	4.443444181	1	1	0	0	0	0	0	1	1	Non_plant	Non_plant	Non_plant	Non_plant	1	Rhinolophus_ferrumequinum	Node237
branch_40	232	238	9.8747532315	1	1	0	0	0	0	0	1	1	Non_plant	Non_plant	Non_plant	Non_plant	1	Node238	Node232
branch_41	238	18	24.84112999	1	1	0	0	0	0	0	1	1	Non_plant	Non_plant	Non_plant	Non_plant	1	Aselliscus_stoliczkanus	Node238
branch_42	238	19	24.84112860569	1	1	0	0	0	0	0	1	1	Non_plant	Non_plant	Non_plant	Non_plant	1	Hipposideros_larvatus	Node238
branch_43	228	239	34.23648048	1	1	0	0	0	0	0	1	1	Non_plant	Non_plant	Non_plant	Non_plant	1	Node239	Node228
branch_44	239	240	28.124332573	1	1	0	0	0	0	0	1	1	Non_plant	Non_plant	Non_plant	Non_plant	1	Node240	Node239
branch_45	240	20	2.1879856459	1	1	0	0	0	0	0	1	1	Non_plant	Non_plant	Non_plant	Non_plant	1	Rousettus_leschenaultii	Node240
branch_46	240	21	2.1879855209	1	1	0	0	0	0	0	1	1	Non_plant	Non_plant	Non_plant	Non_plant	1	Rousettus_aegyptiacus	Node240
branch_47	239	22	30.312321871	1	1	0	0	0	0	0	1	1	Non_plant	Plant_dominant	Plant_dominant	Plant_dominant	0	Cynopterus_sphinx	Node239
branch_48	227	241	9.446735	1	1	0	0	0	0	0	1	1	Non_plant	Non_plant	Non_plant	Non_plant	1	Node241	Node227
branch_49	241	242	5.761645	1	1	0	0	0	0	0	1	1	Non_plant	Non_plant	Non_plant	Non_plant	1	Node242	Node241
branch_50	242	243	9.717307437	1	1	0	0	0	0	0	1	1	Non_plant	Non_plant	Non_plant	Non_plant	1	Node243	Node242
branch_51	243	244	16.935788414	1	1	0	0	0	0	0	1	1	Non_plant	Non_plant	Non_plant	Non_plant	1	Node244	Node243
branch_52	244	245	13.795168721	1	1	0	0	0	0	0	1	1	Non_plant	Non_plant	Non_plant	Non_plant	1	Node245	Node244
branch_53	245	246	1.798687594	1	1	0	0	0	0	0	1	1	Non_plant	Non_plant	Non_plant	Non_plant	1	Node246	Node245
branch_54	246	247	7.5427260977	1	1	0	0	0	0	0	1	1	Non_plant	Non_plant	Non_plant	Non_plant	1	Node247	Node246
branch_55	247	23	4.7935936381	1	1	0	0	0	0	0	1	1	Non_plant	Non_plant	Non_plant	Non_plant	1	Myotis_nesopolus	Node247
branch_56	247	24	4.7935938379	1	1	0	0	0	0	0	1	1	Non_plant	Non_plant	Non_plant	Non_plant	1	Myotis_yumanensis	Node247
branch_57	246	25	12.336321737	1	1	0	0	0	0	0	1	1	Non_plant	Non_plant	Non_plant	Non_plant	1	Myotis_mystacinus	Node246
branch_58	245	26	14.13500876214	1	1	0	0	0	0	0	1	1	Non_plant	Non_plant	Non_plant	Non_plant	1	Myotis_daubentonii	Node245
branch_59	244	248	4.4430700033	1	1	0	0	0	0	0	1	1	Non_plant	Non_plant	Non_plant	Non_plant	1	Node248	Node244
branch_60	248	249	0.7739525982	1	1	0	0	0	0	0	1	1	Non_plant	Non_plant	Non_plant	Non_plant	1	Node249	Node248
branch_61	249	27	22.7131511168	1	1	0	0	0	0	0	1	1	Non_plant	Non_plant	Non_plant	Non_plant	1	Corynorhinus_townsendii	Node249
branch_62	249	28	22.7131481154	1	1	0	0	0	0	0	1	1	Non_plant	Non_plant	Non_plant	Non_plant	1	Antrozous_pallidus	Node249
branch_63	248	250	1.3145048	1	1	0	0	0	0	0	1	1	Non_plant	Non_plant	Non_plant	Non_plant	1	Node250	Node248
branch_64	250	251	8.9995832252	1	1	0	0	0	0	0	1	1	Non_plant	Non_plant	Non_plant	Non_plant	1	Node251	Node250
branch_65	251	252	0.3892760198	1	1	0	0	0	0	0	1	1	Non_plant	Non_plant	Non_plant	Non_plant	1	Node252	Node251
branch_66	252	253	1.004009007	1	1	0	0	0	0	0	1	1	Non_plant	Non_plant	Non_plant	Non_plant	1	Node253	Node252
branch_67	253	254	5.4809415927	1	1	0	0	0	0	0	1	1	Non_plant	Non_plant	Non_plant	Non_plant	1	Node254	Node253
branch_68	254	29	6.298790736	1	1	0	0	0	0	0	1	1	Non_plant	Non_plant	Non_plant	Non_plant	1	Nyctalus_aviator	Node254
branch_69	254	30	6.2987913364	1	1	0	0	0	0	0	1	1	Non_plant	Non_plant	Non_plant	Non_plant	1	Nyctalus_leisleri	Node254
branch_70	253	31	11.7797326618	1	1	0	0	0	0	0	1	1	Non_plant	Non_plant	Non_plant	Non_plant	1	Pipistrellus_abramus	Node253
branch_71	252	32	12.783740335	1	1	0	0	0	0	0	1	1	Non_plant	Non_plant	Non_plant	Non_plant	1	Pipistrellus_pygmaeus	Node252
branch_72	251	33	13.1730180264	1	1	0	0	0	0	0	1	1	Non_plant	Non_plant	Non_plant	Non_plant	1	Pipistrellus_nathusii	Node251
branch_73	250	255	2.5927054504	1	1	0	0	0	0	0	1	1	Non_plant	Non_plant	Non_plant	Non_plant	1	Node255	Node250
branch_74	255	34	19.579895795	1	1	0	0	0	0	0	1	1	Non_plant	Non_plant	Non_plant	Non_plant	1	Ia_io	Node255
branch_75	255	35	19.579895462	1	1	0	0	0	0	0	1	1	Non_plant	Non_plant	Non_plant	Non_plant	1	Eptesicus_fuscus	Node255
branch_76	243	256	29.08104531654	1	1	0	0	0	0	0	1	1	Non_plant	Non_plant	Non_plant	Non_plant	1	Node256	Node243
branch_77	256	257	1.7027463877	1	1	0	0	0	0	0	1	1	Non_plant	Non_plant	Non_plant	Non_plant	1	Node257	Node256
branch_78	257	258	0.4459977959	1	1	0	0	0	0	0	1	1	Non_plant	Non_plant	Non_plant	Non_plant	1	Node258	Node257
branch_79	258	36	13.636178465	1	1	0	0	0	0	0	1	1	Non_plant	Non_plant	Non_plant	Non_plant	1	Tadarida_brasiliensis	Node258
branch_80	258	37	13.63617643056	1	1	0	0	0	0	0	1	1	Non_plant	Non_plant	Non_plant	Non_plant	1	Molossus_molossus	Node258
branch_81	257	38	14.08217526	1	1	0	0	0	0	0	1	1	Non_plant	Non_plant	Non_plant	Non_plant	1	Tadarida_teniotis	Node257
branch_82	256	39	15.78492038114	1	1	0	0	0	0	0	1	1	Non_plant	Non_plant	Non_plant	Non_plant	1	Mops_condylurus	Node256
branch_83	242	259	31.612794197	1	1	0	0	0	0	0	1	1	Non_plant	Non_plant	Non_plant	Non_plant	1	Node259	Node242
branch_84	259	260	14.698568662	1	1	0	0	0	0	0	1	1	Non_plant	Non_plant	Non_plant	Non_plant	1	Node260	Node259
branch_85	260	40	8.271906763	1	1	0	0	0	0	0	1	1	Non_plant	Non_plant	Non_plant	Non_plant	1	Saccopteryx_bilineata	Node260
branch_86	260	41	8.271906763	1	1	0	0	0	0	0	1	1	Non_plant	Non_plant	Non_plant	Non_plant	1	Saccopteryx_leptura	Node260
branch_87	259	42	22.970477552	1	1	0	0	0	0	0	1	1	Non_plant	Non_plant	Non_plant	Non_plant	1	Rhynchonycteris_naso	Node259
branch_88	241	261	30.9084901061	1	1	0	0	0	0	0	1	1	Non_plant	Non_plant	Non_plant	Non_plant	1	Node261	Node241
branch_89	261	262	4.5192932008	1	1	0	0	0	0	0	1	1	Non_plant	Non_plant	Non_plant	Non_plant	1	Node262	Node261
branch_90	262	263	10.4904544911	1	1	0	0	0	0	0	1	1	Non_plant	Non_plant	Non_plant	Non_plant	1	Node263	Node262
branch_91	263	43	14.426662325	1	1	0	0	0	0	0	1	1	Non_plant	Non_plant	Non_plant	Non_plant	1	Phyllostomus_hastatus	Node263
branch_92	263	44	14.426662324	1	1	0	0	0	0	0	1	1	Non_plant	Non_plant	Non_plant	Non_plant	1	Phyllostomus_discolor	Node263
branch_93	262	264	9.718859448	1	1	0	0	0	0	0	1	1	Non_plant	Plant_dominant	Plant_dominant	Plant_dominant	0	Node264	Node262
branch_94	264	265	11.7208639564	1	1	0	0	0	0	0	1	1	Plant_dominant	Plant_dominant	Plant_dominant	Plant_dominant	1	Node265	Node264
branch_95	265	45	3.477393811	1	1	0	0	0	0	0	1	1	Plant_dominant	Plant_dominant	Plant_dominant	Plant_dominant	1	Artibeus_jamaicensis	Node265
branch_96	265	46	3.4773938112	1	1	0	0	0	0	0	1	1	Plant_dominant	Plant_dominant	Plant_dominant	Plant_dominant	1	Artibeus_lituratus	Node265
branch_97	264	47	15.1982582024	1	1	0	0	0	0	0	1	1	Plant_dominant	Plant_dominant	Plant_dominant	Plant_dominant	1	Platyrrhinus_helleri	Node264
branch_98	261	48	29.4364124846	1	1	0	0	0	0	0	1	1	Non_plant	Non_plant	Non_plant	Non_plant	1	Micronycteris_microtis	Node261
branch_99	226	266	3.496796	2	2	0	0	0	0	0	2	2	Non_plant	Non_plant	Non_plant	Non_plant	1	Node266	Node226
branch_100	266	267	8.545587	2	3	1	1	0	1	0	2	3	Non_plant	Plant_dominant	Plant_dominant	Plant_dominant	0	Node267	Node266
branch_101	267	268	0.3328322806	3	3	0	0	0	0	0	3	3	Plant_dominant	Plant_dominant	Plant_dominant	Plant_dominant	1	Node268	Node267
branch_102	268	269	7.184436081	3	2	-1	0	1	0	1	3	2	Plant_dominant	Plant_dominant	Plant_dominant	Plant_dominant	1	Node269	Node268
branch_103	269	270	8.587662181	2	2	0	0	0	0	0	2	2	Plant_dominant	Plant_dominant	Plant_dominant	Plant_dominant	1	Node270	Node269
branch_104	270	271	28.868253864	2	1	-1	0	1	0	1	2	1	Plant_dominant	Non_plant	Non_plant	Non_plant	0	Node271	Node270
branch_105	271	272	1.140832743	1	1	0	0	0	0	0	1	1	Non_plant	Non_plant	Non_plant	Non_plant	1	Node272	Node271
branch_106	272	273	2.4058116444	1	1	0	0	0	0	0	1	1	Non_plant	Non_plant	Non_plant	Non_plant	1	Node273	Node272
branch_107	273	274	3.276626456	1	1	0	0	0	0	0	1	1	Non_plant	Non_plant	Non_plant	Non_plant	1	Node274	Node273
branch_108	274	275	2.686724774	1	1	0	0	0	0	0	1	1	Non_plant	Non_plant	Non_plant	Non_plant	1	Node275	Node274
branch_109	275	276	1.789911617	1	1	0	0	0	0	0	1	1	Non_plant	Non_plant	Non_plant	Non_plant	1	Node276	Node275
branch_110	276	49	8.119251658	1	1	0	0	0	0	0	1	1	Non_plant	Non_plant	Non_plant	Non_plant	1	Monodon_monoceros	Node276
branch_111	276	50	8.1192525735	1	1	0	0	0	0	0	1	1	Non_plant	Non_plant	Non_plant	Non_plant	1	Phocoena_sinus	Node276
branch_112	275	277	4.276413662	1	1	0	0	0	0	0	1	1	Non_plant	Non_plant	Non_plant	Non_plant	1	Node277	Node275
branch_113	277	51	5.632751069	1	1	0	0	0	0	0	1	1	Non_plant	Non_plant	Non_plant	Non_plant	1	Orcinus_orca	Node277
branch_114	277	278	1.051900108	1	1	0	0	0	0	0	1	1	Non_plant	Non_plant	Non_plant	Non_plant	1	Node278	Node277
branch_115	278	279	2.662877524	1	1	0	0	0	0	0	1	1	Non_plant	Non_plant	Non_plant	Non_plant	1	Node279	Node278
branch_116	279	52	1.917972563	1	1	0	0	0	0	0	1	1	Non_plant	Non_plant	Non_plant	Non_plant	1	Pseudorca_crassidens	Node279
branch_117	279	53	1.9179721474	1	1	0	0	0	0	0	1	1	Non_plant	Non_plant	Non_plant	Non_plant	1	Peponocephala_electra	Node279
branch_118	278	54	4.5808499625	1	1	0	0	0	0	0	1	1	Non_plant	Non_plant	Non_plant	Non_plant	1	Delphinus_delphis	Node278
branch_119	274	55	12.5958901296	1	1	0	0	0	0	0	1	1	Non_plant	Non_plant	Non_plant	Non_plant	1	Inia_geoffrensis	Node274
branch_120	273	56	15.8725151295	1	1	0	0	0	0	0	1	1	Non_plant	Non_plant	Non_plant	Non_plant	1	Mesoplodon_densirostris	Node273
branch_121	272	57	18.27832486	1	1	0	0	0	0	0	1	1	Non_plant	Non_plant	Non_plant	Non_plant	1	Kogia_breviceps	Node272
branch_122	271	280	6.709930092	1	1	0	0	0	0	0	1	1	Non_plant	Non_plant	Non_plant	Non_plant	1	Node280	Node271
branch_123	280	281	8.6357841556	1	1	0	0	0	0	0	1	1	Non_plant	Non_plant	Non_plant	Non_plant	1	Node281	Node280
branch_124	281	58	4.073444853	1	1	0	0	0	0	0	1	1	Non_plant	Non_plant	Non_plant	Non_plant	1	Eubalaena_glacialis	Node281
branch_125	281	59	4.0734446032	1	1	0	0	0	0	0	1	1	Non_plant	Non_plant	Non_plant	Non_plant	1	Balaenoptera_edeni	Node281
branch_126	280	282	7.4853137536	1	1	0	0	0	0	0	1	1	Non_plant	Non_plant	Non_plant	Non_plant	1	Node282	Node280
branch_127	282	60	5.22391384	1	1	0	0	0	0	0	1	1	Non_plant	Non_plant	Non_plant	Non_plant	1	Eschrichtius_robustus	Node282
branch_128	282	61	5.22391384	1	1	0	0	0	0	0	1	1	Non_plant	Non_plant	Non_plant	Non_plant	1	Megaptera_novaeangliae	Node282
branch_129	270	283	28.6091079512	2	1	-1	0	1	0	1	2	1	Plant_dominant	Plant_dominant	Plant_dominant	Plant_dominant	1	Node283	Node270
branch_130	283	284	9.883316837	1	1	0	0	0	0	0	1	1	Plant_dominant	Plant_dominant	Plant_dominant	Plant_dominant	1	Node284	Node283
branch_131	284	285	0.5609925319	1	1	0	0	0	0	0	1	1	Plant_dominant	Plant_dominant	Plant_dominant	Plant_dominant	1	Node285	Node284
branch_132	285	286	2.61176095	1	1	0	0	0	0	0	1	1	Plant_dominant	Plant_dominant	Plant_dominant	Plant_dominant	1	Node286	Node285
branch_133	286	287	1.039593509	1	1	0	0	0	0	0	1	1	Plant_dominant	Plant_dominant	Plant_dominant	Plant_dominant	1	Node287	Node286
branch_134	287	62	5.58263927	1	1	0	0	0	0	0	1	1	Plant_dominant	Plant_dominant	Plant_dominant	Plant_dominant	1	Dama_dama	Node287
branch_135	287	288	3.9975276387	1	1	0	0	0	0	0	1	1	Plant_dominant	Plant_dominant	Plant_dominant	Plant_dominant	1	Node288	Node287
branch_136	288	63	1.58511188	1	1	0	0	0	0	0	1	1	Plant_dominant	Plant_dominant	Plant_dominant	Plant_dominant	1	Cervus_nippon	Node288
branch_137	288	64	1.58511188	1	1	0	0	0	0	0	1	1	Plant_dominant	Plant_dominant	Plant_dominant	Plant_dominant	1	Cervus_elaphus	Node288
branch_138	286	65	6.6222327777	1	1	0	0	0	0	0	1	1	Plant_dominant	Plant_dominant	Plant_dominant	Plant_dominant	1	Axis_porcinus	Node286
branch_139	285	289	6.4943431703	1	1	0	0	0	0	0	1	1	Plant_dominant	Plant_dominant	Plant_dominant	Plant_dominant	1	Node289	Node285
branch_140	289	66	2.7396507238	1	1	0	0	0	0	0	1	1	Plant_dominant	Plant_dominant	Plant_dominant	Plant_dominant	1	Muntiacus_gongshanensis	Node289
branch_141	289	67	2.739650475	1	1	0	0	0	0	0	1	1	Plant_dominant	Plant_dominant	Plant_dominant	Plant_dominant	1	Muntiacus_crinifrons	Node289
branch_142	284	68	9.794986259	1	1	0	0	0	0	0	1	1	Plant_dominant	Plant_dominant	Plant_dominant	Plant_dominant	1	Capreolus_capreolus	Node284
branch_143	283	290	0.5018927286	1	1	0	0	0	0	0	1	1	Plant_dominant	Plant_dominant	Plant_dominant	Plant_dominant	1	Node290	Node283
branch_144	290	291	1.917511139	1	1	0	0	0	0	0	1	1	Plant_dominant	Plant_dominant	Plant_dominant	Plant_dominant	1	Node291	Node290
branch_145	291	292	14.8752793643	1	1	0	0	0	0	0	1	1	Plant_dominant	Plant_dominant	Plant_dominant	Plant_dominant	1	Node292	Node291
branch_146	292	293	1.194244416	1	1	0	0	0	0	0	1	1	Plant_dominant	Plant_dominant	Plant_dominant	Plant_dominant	1	Node293	Node292
branch_147	293	69	1.1893748251	1	1	0	0	0	0	0	1	1	Plant_dominant	Plant_dominant	Plant_dominant	Plant_dominant	1	Bos_taurus	Node293
branch_148	293	70	1.1893747835	1	1	0	0	0	0	0	1	1	Plant_dominant	Plant_dominant	Plant_dominant	Plant_dominant	1	Bos_javanicus	Node293
branch_149	292	71	2.383619116	1	1	0	0	0	0	0	1	1	Plant_dominant	Plant_dominant	Plant_dominant	Plant_dominant	1	Bison_bonasus	Node292
branch_150	291	294	7.8328542326	1	1	0	0	0	0	0	1	1	Plant_dominant	Plant_dominant	Plant_dominant	Plant_dominant	1	Node294	Node291
branch_151	294	72	9.42604458	1	1	0	0	0	0	0	1	1	Plant_dominant	Plant_dominant	Plant_dominant	Plant_dominant	1	Pantholops_hodgsonii	Node294
branch_152	294	295	0.997600536	1	1	0	0	0	0	0	1	1	Plant_dominant	Plant_dominant	Plant_dominant	Plant_dominant	1	Node295	Node294
branch_153	295	296	0.4546572393	1	1	0	0	0	0	0	1	1	Plant_dominant	Plant_dominant	Plant_dominant	Plant_dominant	1	Node296	Node295
branch_154	296	297	0.394887018	1	1	0	0	0	0	0	1	1	Plant_dominant	Plant_dominant	Plant_dominant	Plant_dominant	1	Node297	Node296
branch_155	297	298	0.9762826333	1	1	0	0	0	0	0	1	1	Plant_dominant	Plant_dominant	Plant_dominant	Plant_dominant	1	Node298	Node297
branch_156	298	299	3.427757803	1	1	0	0	0	0	0	1	1	Plant_dominant	Plant_dominant	Plant_dominant	Plant_dominant	1	Node299	Node298
branch_157	299	300	0.6628987303	1	1	0	0	0	0	0	1	1	Plant_dominant	Plant_dominant	Plant_dominant	Plant_dominant	1	Node300	Node299
branch_158	300	73	2.5119625758	1	1	0	0	0	0	0	1	1	Plant_dominant	Plant_dominant	Plant_dominant	Plant_dominant	1	Capra_nubiana	Node300
branch_159	300	74	2.5119629918	1	1	0	0	0	0	0	1	1	Plant_dominant	Plant_dominant	Plant_dominant	Plant_dominant	1	Capra_hircus	Node300
branch_160	299	75	3.174861306	1	1	0	0	0	0	0	1	1	Plant_dominant	Plant_dominant	Plant_dominant	Plant_dominant	1	Capra_ibex	Node299
branch_161	298	76	6.6026206905	1	1	0	0	0	0	0	1	1	Plant_dominant	Plant_dominant	Plant_dominant	Plant_dominant	1	Budorcas_taxicolor	Node298
branch_162	297	301	4.422687984	1	1	0	0	0	0	0	1	1	Plant_dominant	Plant_dominant	Plant_dominant	Plant_dominant	1	Node301	Node297
branch_163	301	77	3.1562133421	1	1	0	0	0	0	0	1	1	Plant_dominant	Plant_dominant	Plant_dominant	Plant_dominant	1	Ovis_canadensis	Node301
branch_164	301	78	3.1562130092	1	1	0	0	0	0	0	1	1	Plant_dominant	Plant_dominant	Plant_dominant	Plant_dominant	1	Ovis_aries	Node301
branch_165	296	79	7.97378705414	1	1	0	0	0	0	0	1	1	Plant_dominant	Plant_dominant	Plant_dominant	Plant_dominant	1	Rupicapra_rupicapra	Node296
branch_166	295	80	8.4284452503	1	1	0	0	0	0	0	1	1	Plant_dominant	Plant_dominant	Plant_dominant	Plant_dominant	1	Capricornis_sumatraensis	Node295
branch_167	290	81	19.1764115755	1	1	0	0	0	0	0	1	1	Plant_dominant	Plant_dominant	Plant_dominant	Plant_dominant	1	Moschus_berezovskii	Node290
branch_168	269	302	48.75904364	2	1	-1	0	1	0	1	2	1	Plant_dominant	Plant_dominant	Plant_dominant	Plant_dominant	1	Node302	Node269
branch_169	302	82	8.1160320869	1	1	0	0	0	0	0	1	1	Plant_dominant	Plant_dominant	Plant_dominant	Plant_dominant	1	Sus_scrofa	Node302
branch_170	302	83	8.1160325035	1	1	0	0	0	0	0	1	1	Plant_dominant	Plant_dominant	Plant_dominant	Plant_dominant	1	Phacochoerus_africanus	Node302
branch_171	268	84	64.059498912	3	1	-2	0	2	0	1	3	1	Plant_dominant	Plant_dominant	Plant_dominant	Plant_dominant	1	Camelus_dromedarius	Node268
branch_172	267	303	23.27277077	3	6	3	3	0	1	0	3	6	Plant_dominant	Plant_dominant	Plant_dominant	Plant_dominant	1	Node303	Node267
branch_173	303	304	34.249222793	6	10	4	4	0	1	0	6	10	Plant_dominant	Plant_dominant	Plant_dominant	Plant_dominant	1	Node304	Node303
branch_174	304	85	6.870361716	10	10	0	0	0	0	0	10	10	Plant_dominant	Plant_dominant	Plant_dominant	Plant_dominant	1	Equus_kiang	Node304
branch_175	304	86	6.8703595985	10	10	0	0	0	0	0	10	10	Plant_dominant	Plant_dominant	Plant_dominant	Plant_dominant	1	Equus_caballus	Node304
branch_176	303	87	41.119586622	6	9	3	3	0	1	0	6	9	Plant_dominant	Plant_dominant	Plant_dominant	Plant_dominant	1	Tapirus_indicus	Node303
branch_177	266	305	2.703426	2	2	0	0	0	0	0	2	2	Non_plant	Non_plant	Non_plant	Non_plant	1	Node305	Node266
branch_178	305	306	21.42023367	2	1	-1	0	1	0	1	2	1	Non_plant	Non_plant	Non_plant	Non_plant	1	Node306	Node305
branch_179	306	307	6.24376495	1	1	0	0	0	0	0	1	1	Non_plant	Non_plant	Non_plant	Non_plant	1	Node307	Node306
branch_180	307	308	31.91526036	1	1	0	0	0	0	0	1	1	Non_plant	Non_plant	Non_plant	Non_plant	1	Node308	Node307
branch_181	308	309	0.5202401698	1	1	0	0	0	0	0	1	1	Non_plant	Non_plant	Non_plant	Non_plant	1	Node309	Node308
branch_182	309	88	10.134999074	1	1	0	0	0	0	0	1	1	Non_plant	Non_plant	Non_plant	Non_plant	1	Nyctereutes_procyonoides	Node309
branch_183	309	310	5.1811547789	1	1	0	0	0	0	0	1	1	Non_plant	Non_plant	Non_plant	Non_plant	1	Node310	Node309
branch_184	310	89	4.953843573	1	1	0	0	0	0	0	1	1	Non_plant	Non_plant	Non_plant	Non_plant	1	Lycaon_pictus	Node310
branch_185	310	311	3.16156276182	1	1	0	0	0	0	0	1	1	Non_plant	Non_plant	Non_plant	Non_plant	1	Node311	Node310
branch_186	311	90	1.792281677	1	1	0	0	0	0	0	1	1	Non_plant	Non_plant	Non_plant	Non_plant	1	Canis_latrans	Node311
branch_187	311	312	0.5427981011	1	1	0	0	0	0	0	1	1	Non_plant	Non_plant	Non_plant	Non_plant	1	Node312	Node311
branch_188	312	91	1.249483576	1	1	0	0	0	0	0	1	1	Non_plant	Non_plant	Non_plant	Non_plant	1	Canis_aureus	Node312
branch_189	312	92	1.2494835761	1	1	0	0	0	0	0	1	1	Non_plant	Non_plant	Non_plant	Non_plant	1	Canis_lupus	Node312
branch_190	308	313	3.8826999104	1	1	0	0	0	0	0	1	1	Non_plant	Non_plant	Non_plant	Non_plant	1	Node313	Node308
branch_191	313	314	1.158263177	1	1	0	0	0	0	0	1	1	Non_plant	Non_plant	Non_plant	Non_plant	1	Node314	Node313
branch_192	314	315	2.5696957634	1	1	0	0	0	0	0	1	1	Non_plant	Non_plant	Non_plant	Non_plant	1	Node315	Node314
branch_193	315	316	1.689172288	1	1	0	0	0	0	0	1	1	Non_plant	Non_plant	Non_plant	Non_plant	1	Node316	Node315
branch_194	316	93	1.355408466	1	1	0	0	0	0	0	1	1	Non_plant	Non_plant	Non_plant	Non_plant	1	Vulpes_ferrilata	Node316
branch_195	316	94	1.355408466	1	1	0	0	0	0	0	1	1	Non_plant	Non_plant	Non_plant	Non_plant	1	Vulpes_corsac	Node316
branch_196	315	95	3.044580393	1	1	0	0	0	0	0	1	1	Non_plant	Non_plant	Non_plant	Non_plant	1	Vulpes_vulpes	Node315
branch_197	314	96	5.6142757951	1	1	0	0	0	0	0	1	1	Non_plant	Non_plant	Non_plant	Non_plant	1	Vulpes_lagopus	Node314
branch_198	313	97	6.7725400556	1	1	0	0	0	0	0	1	1	Non_plant	Non_plant	Non_plant	Non_plant	1	Urocyon_cinereoargenteus	Node313
branch_199	307	317	7.415727701	1	1	0	0	0	0	0	1	1	Non_plant	Non_plant	Non_plant	Non_plant	1	Node317	Node307
branch_200	317	318	2.290629168	1	1	0	0	0	0	0	1	1	Non_plant	Non_plant	Non_plant	Non_plant	1	Node318	Node317
branch_201	318	319	16.140681	1	1	0	0	0	0	0	1	1	Non_plant	Non_plant	Non_plant	Non_plant	1	Node319	Node318
branch_202	319	320	11.214778381	1	1	0	0	0	0	0	1	1	Non_plant	Non_plant	Non_plant	Non_plant	1	Node320	Node319
branch_203	320	98	5.5086836403	1	1	0	0	0	0	0	1	1	Non_plant	Non_plant	Non_plant	Non_plant	1	Hydrurga_leptonyx	Node320
branch_204	320	99	5.5086833883	1	1	0	0	0	0	0	1	1	Non_plant	Non_plant	Non_plant	Non_plant	1	Monachus_monachus	Node320
branch_205	319	321	12.699218329	1	1	0	0	0	0	0	1	1	Non_plant	Non_plant	Non_plant	Non_plant	1	Node321	Node319
branch_206	321	100	4.0242434026	1	1	0	0	0	0	0	1	1	Non_plant	Non_plant	Non_plant	Non_plant	1	Zalophus_californianus	Node321
branch_207	321	101	4.0242439081	1	1	0	0	0	0	0	1	1	Non_plant	Non_plant	Non_plant	Non_plant	1	Arctocephalus_gazella	Node321
branch_208	318	322	2.77174291	1	1	0	0	0	0	0	1	1	Non_plant	Non_plant	Non_plant	Non_plant	1	Node322	Node318
branch_209	322	102	30.092401268	1	1	0	0	0	0	0	1	1	Non_plant	Non_plant	Non_plant	Non_plant	1	Mephitis_mephitis	Node322
branch_210	322	323	14.0812751425	1	1	0	0	0	0	0	1	1	Non_plant	Non_plant	Non_plant	Non_plant	1	Node323	Node322
branch_211	323	103	16.011124687	1	1	0	0	0	0	0	1	1	Non_plant	Non_plant	Non_plant	Non_plant	1	Meles_meles	Node323
branch_212	323	324	0.39640602836	1	1	0	0	0	0	0	1	1	Non_plant	Non_plant	Non_plant	Non_plant	1	Node324	Node323
branch_213	324	325	9.5516156118	1	1	0	0	0	0	0	1	1	Non_plant	Non_plant	Non_plant	Non_plant	1	Node325	Node324
branch_214	325	104	6.063103693	1	1	0	0	0	0	0	1	1	Non_plant	Non_plant	Non_plant	Non_plant	1	Martes_flavigula	Node325
branch_215	325	105	6.063103331	1	1	0	0	0	0	0	1	1	Non_plant	Non_plant	Non_plant	Non_plant	1	Martes_foina	Node325
branch_216	324	326	1.9705952402	1	1	0	0	0	0	0	1	1	Non_plant	Non_plant	Non_plant	Non_plant	1	Node326	Node324
branch_217	326	327	8.5658728528	1	1	0	0	0	0	0	1	1	Non_plant	Non_plant	Non_plant	Non_plant	1	Node327	Node326
branch_218	327	106	5.078248972	1	1	0	0	0	0	0	1	1	Non_plant	Non_plant	Non_plant	Non_plant	1	Mustela_erminea	Node327
branch_219	327	107	5.0782507771	1	1	0	0	0	0	0	1	1	Non_plant	Non_plant	Non_plant	Non_plant	1	Mustela_lutreola	Node327
branch_220	326	108	13.6441214648	1	1	0	0	0	0	0	1	1	Non_plant	Non_plant	Non_plant	Non_plant	1	Lutra_lutra	Node326
branch_221	317	328	24.12687956	1	1	0	0	0	0	0	1	1	Non_plant	Plant_dominant	Plant_dominant	Plant_dominant	0	Node328	Node317
branch_222	328	109	11.02789523	1	1	0	0	0	0	0	1	1	Plant_dominant	Plant_dominant	Plant_dominant	Plant_dominant	1	Ailuropoda_melanoleuca	Node328
branch_223	328	329	7.500621527	1	1	0	0	0	0	0	1	1	Plant_dominant	Plant_dominant	Plant_dominant	Plant_dominant	1	Node329	Node328
branch_224	329	110	3.5272726188	1	1	0	0	0	0	0	1	1	Plant_dominant	Plant_dominant	Plant_dominant	Plant_dominant	1	Ursus_arctos	Node329
branch_225	329	111	3.5272726915	1	1	0	0	0	0	0	1	1	Plant_dominant	Plant_dominant	Plant_dominant	Plant_dominant	1	Ursus_americanus	Node329
branch_226	306	330	20.685385119	1	1	0	0	0	0	0	1	1	Non_plant	Non_plant	Non_plant	Non_plant	1	Node330	Node306
branch_227	330	112	28.128882677	1	1	0	0	0	0	0	1	1	Non_plant	Non_plant	Non_plant	Non_plant	1	Paguma_larvata	Node330
branch_228	330	331	20.566806005	1	1	0	0	0	0	0	1	1	Non_plant	Non_plant	Non_plant	Non_plant	1	Node331	Node330
branch_229	331	332	2.474471579	1	1	0	0	0	0	0	1	1	Non_plant	Non_plant	Non_plant	Non_plant	1	Node332	Node331
branch_230	332	333	0.9427225661	1	1	0	0	0	0	0	1	1	Non_plant	Non_plant	Non_plant	Non_plant	1	Node333	Node332
branch_231	333	113	4.144881807	1	1	0	0	0	0	0	1	1	Non_plant	Non_plant	Non_plant	Non_plant	1	Panthera_tigris	Node333
branch_232	333	334	1.140454056	1	1	0	0	0	0	0	1	1	Non_plant	Non_plant	Non_plant	Non_plant	1	Node334	Node333
branch_233	334	114	3.004429195	1	1	0	0	0	0	0	1	1	Non_plant	Non_plant	Non_plant	Non_plant	1	Panthera_onca	Node334
branch_234	334	335	1.5261014088	1	1	0	0	0	0	0	1	1	Non_plant	Non_plant	Non_plant	Non_plant	1	Node335	Node334
branch_235	335	115	1.478327786	1	1	0	0	0	0	0	1	1	Non_plant	Non_plant	Non_plant	Non_plant	1	Panthera_pardus	Node335
branch_236	335	116	1.478327786	1	1	0	0	0	0	0	1	1	Non_plant	Non_plant	Non_plant	Non_plant	1	Panthera_leo	Node335
branch_237	332	117	5.087605817	1	1	0	0	0	0	0	1	1	Non_plant	Non_plant	Non_plant	Non_plant	1	Neofelis_nebulosa	Node332
branch_238	331	336	1.5636230013	1	1	0	0	0	0	0	1	1	Non_plant	Non_plant	Non_plant	Non_plant	1	Node336	Node331
branch_239	336	337	0.4563929294	1	1	0	0	0	0	0	1	1	Non_plant	Non_plant	Non_plant	Non_plant	1	Node337	Node336
branch_240	337	118	5.542061827	1	1	0	0	0	0	0	1	1	Non_plant	Non_plant	Non_plant	Non_plant	1	Lynx_rufus	Node337
branch_241	337	338	0.7695608626	1	1	0	0	0	0	0	1	1	Non_plant	Non_plant	Non_plant	Non_plant	1	Node338	Node337
branch_242	338	119	4.772500098	1	1	0	0	0	0	0	1	1	Non_plant	Non_plant	Non_plant	Non_plant	1	Acinonyx_jubatus	Node338
branch_243	338	120	4.7725014702	1	1	0	0	0	0	0	1	1	Non_plant	Non_plant	Non_plant	Non_plant	1	Puma_concolor	Node338
branch_244	336	339	0.3574378102	1	1	0	0	0	0	0	1	1	Non_plant	Non_plant	Non_plant	Non_plant	1	Node339	Node336
branch_245	339	340	2.6538604473	1	1	0	0	0	0	0	1	1	Non_plant	Non_plant	Non_plant	Non_plant	1	Node340	Node339
branch_246	340	121	2.9871568964	1	1	0	0	0	0	0	1	1	Non_plant	Non_plant	Non_plant	Non_plant	1	Felis_chaus	Node340
branch_247	340	122	2.9871571848	1	1	0	0	0	0	0	1	1	Non_plant	Non_plant	Non_plant	Non_plant	1	Felis_catus	Node340
branch_248	339	341	4.8397410987	1	1	0	0	0	0	0	1	1	Non_plant	Non_plant	Non_plant	Non_plant	1	Node341	Node339
branch_249	341	123	0.8012761719	1	1	0	0	0	0	0	1	1	Non_plant	Non_plant	Non_plant	Non_plant	1	Prionailurus_viverrinus	Node341
branch_250	341	124	0.8012761719	1	1	0	0	0	0	0	1	1	Non_plant	Non_plant	Non_plant	Non_plant	1	Prionailurus_bengalensis	Node341
branch_251	305	342	69.337232016	2	1	-1	0	1	0	1	2	1	Non_plant	Non_plant	Non_plant	Non_plant	1	Node342	Node305
branch_252	342	125	0.8972631264	1	1	0	0	0	0	0	1	1	Non_plant	Non_plant	Non_plant	Non_plant	1	Manis_pentadactyla	Node342
branch_253	342	126	0.8972631264	1	1	0	0	0	0	0	1	1	Non_plant	Non_plant	Non_plant	Non_plant	1	Manis_javanica	Node342
branch_254	225	343	0.86250384553	2	2	0	0	0	0	0	2	2	Non_plant	Non_plant	Non_plant	Non_plant	1	Node343	Node225
branch_255	343	127	82.6596424165	2	1	-1	0	1	0	1	2	1	Non_plant	Non_plant	Non_plant	Non_plant	1	Scaptochirus_moschatus	Node343
branch_256	343	344	28.849364528	2	1	-1	0	1	0	1	2	1	Non_plant	Non_plant	Non_plant	Non_plant	1	Node344	Node343
branch_257	344	345	36.7459171845	1	1	0	0	0	0	0	1	1	Non_plant	Non_plant	Non_plant	Non_plant	1	Node345	Node344
branch_258	345	128	17.06434476841	1	1	0	0	0	0	0	1	1	Non_plant	Non_plant	Non_plant	Non_plant	1	Suncus_murinus	Node345
branch_259	345	129	17.0643448023	1	1	0	0	0	0	0	1	1	Non_plant	Non_plant	Non_plant	Non_plant	1	Crocidura_zimmermanni	Node345
branch_260	344	346	45.5616528372	1	1	0	0	0	0	0	1	1	Non_plant	Non_plant	Non_plant	Non_plant	1	Node346	Node344
branch_261	346	130	8.2486083087	1	1	0	0	0	0	0	1	1	Non_plant	Non_plant	Non_plant	Non_plant	1	Sorex_ornatus	Node346
branch_262	346	131	8.248607635	1	1	0	0	0	0	0	1	1	Non_plant	Non_plant	Non_plant	Non_plant	1	Sorex_fumeus	Node346
branch_263	224	347	3.522404	2	2	0	0	0	0	0	2	2	Non_plant	Non_plant	Non_plant	Non_plant	1	Node347	Node224
branch_264	347	348	6.955623	2	3	1	1	0	1	0	2	3	Non_plant	Non_plant	Non_plant	Non_plant	1	Node348	Node347
branch_265	348	349	23.17947395	3	8	5	5	0	1	0	3	8	Non_plant	Plant_dominant	Plant_dominant	Plant_dominant	0	Node349	Node348
branch_266	349	350	39.269924338	8	13	5	5	0	1	0	8	13	Plant_dominant	Plant_dominant	Plant_dominant	Plant_dominant	1	Node350	Node349
branch_267	350	351	1.660083974	13	14	1	1	0	1	0	13	14	Plant_dominant	Plant_dominant	Plant_dominant	Plant_dominant	1	Node351	Node350
branch_268	351	132	13.02411497389	14	16	2	2	0	1	0	14	16	Plant_dominant	Plant_dominant	Plant_dominant	Plant_dominant	1	Oryctolagus_cuniculus	Node351
branch_269	351	133	13.02411362347	14	17	3	3	0	1	0	14	17	Plant_dominant	Plant_dominant	Plant_dominant	Plant_dominant	1	Sylvilagus_floridanus	Node351
branch_270	350	352	10.0646764897	13	10	-3	0	3	0	1	13	10	Plant_dominant	Plant_dominant	Plant_dominant	Plant_dominant	1	Node352	Node350
branch_271	352	353	0.3416737764	10	10	0	0	0	0	0	10	10	Plant_dominant	Plant_dominant	Plant_dominant	Plant_dominant	1	Node353	Node352
branch_272	353	354	0.3643852157	10	10	0	0	0	0	0	10	10	Plant_dominant	Plant_dominant	Plant_dominant	Plant_dominant	1	Node354	Node353
branch_273	354	134	3.9134657305	10	12	2	2	0	1	0	10	12	Plant_dominant	Plant_dominant	Plant_dominant	Plant_dominant	1	Lepus_yarkandensis	Node354
branch_274	354	135	3.9134653662	10	10	0	0	0	0	0	10	10	Plant_dominant	Plant_dominant	Plant_dominant	Plant_dominant	1	Lepus_europaeus	Node354
branch_275	353	355	1.589631171	10	9	-1	0	1	0	1	10	9	Plant_dominant	Plant_dominant	Plant_dominant	Plant_dominant	1	Node355	Node353
branch_276	355	136	2.6882196295	9	8	-1	0	1	0	1	9	8	Plant_dominant	Plant_dominant	Plant_dominant	Plant_dominant	1	Lepus_capensis	Node355
branch_277	355	356	1.21758948	9	8	-1	0	1	0	1	9	8	Plant_dominant	Plant_dominant	Plant_dominant	Plant_dominant	1	Node356	Node355
branch_278	356	137	1.470629967	8	8	0	0	0	0	0	8	8	Plant_dominant	Plant_dominant	Plant_dominant	Plant_dominant	1	Lepus_tolai	Node356
branch_279	356	138	1.4706299669	8	8	0	0	0	0	0	8	8	Plant_dominant	Plant_dominant	Plant_dominant	Plant_dominant	1	Lepus_castroviejoi	Node356
branch_280	352	139	4.61952450365	10	8	-2	0	2	0	1	10	8	Plant_dominant	Plant_dominant	Plant_dominant	Plant_dominant	1	Lepus_oiostolus	Node352
branch_281	349	357	46.8905969417	8	15	7	7	0	1	0	8	15	Plant_dominant	Plant_dominant	Plant_dominant	Plant_dominant	1	Node357	Node349
branch_282	357	140	7.0635102283	15	15	0	0	0	0	0	15	15	Plant_dominant	Plant_dominant	Plant_dominant	Plant_dominant	1	Ochotona_argentata	Node357
branch_283	357	141	7.0635104112	15	15	0	0	0	0	0	15	15	Plant_dominant	Plant_dominant	Plant_dominant	Plant_dominant	1	Ochotona_princeps	Node357
branch_284	348	358	5.143362	3	2	-1	0	1	0	1	3	2	Non_plant	Non_plant	Non_plant	Non_plant	1	Node358	Node348
branch_285	358	359	6.967944	2	1	-1	0	1	0	1	2	1	Non_plant	Non_plant	Non_plant	Non_plant	1	Node359	Node358
branch_286	359	360	12.09071255	1	1	0	0	0	0	0	1	1	Non_plant	Non_plant	Non_plant	Non_plant	1	Node360	Node359
branch_287	360	142	52.9315670458	1	0	-1	0	1	0	1	1	0	Non_plant	Non_plant	Non_plant	Non_plant	1	Eliomys_quercinus	Node360
branch_288	360	361	27.3212407694	1	0	-1	0	1	0	1	1	0	Non_plant	Non_plant	Non_plant	Non_plant	1	Node361	Node360
branch_289	361	362	6.943394325	0	0	0	0	0	0	0	0	0	Non_plant	Non_plant	Non_plant	Non_plant	1	Node362	Node361
branch_290	362	363	9.8746237901	0	0	0	0	0	0	0	0	0	Non_plant	Non_plant	Non_plant	Non_plant	1	Node363	Node362
branch_291	363	143	8.7923050278	0	0	0	0	0	0	0	0	0	Non_plant	Non_plant	Non_plant	Non_plant	1	Sciurus_carolinensis	Node363
branch_292	363	144	8.7923058824	0	0	0	0	0	0	0	0	0	Non_plant	Non_plant	Non_plant	Non_plant	1	Sciurus_vulgaris	Node363
branch_293	362	145	18.666928249	0	0	0	0	0	0	0	0	0	Non_plant	Non_plant	Non_plant	Non_plant	1	Pteromys_volans	Node362
branch_294	361	364	21.4920416353	0	0	0	0	0	0	0	0	0	Non_plant	Plant_dominant	Plant_dominant	Plant_dominant	0	Node364	Node361
branch_295	364	146	4.118282365	0	0	0	0	0	0	0	0	0	Plant_dominant	Plant_dominant	Plant_dominant	Plant_dominant	1	Marmota_monax	Node364
branch_296	364	147	4.1182822223	0	0	0	0	0	0	0	0	0	Plant_dominant	Plant_dominant	Plant_dominant	Plant_dominant	1	Marmota_flaviventris	Node364
branch_297	359	148	65.022293167	1	0	-1	0	1	0	1	1	0	Non_plant	Plant_dominant	Plant_dominant	Plant_dominant	0	Ctenodactylus_gundi	Node359
branch_298	358	365	6.126869	2	1	-1	0	1	0	1	2	1	Non_plant	Non_plant	Non_plant	Non_plant	1	Node365	Node358
branch_299	365	366	15.21576094	1	1	0	0	0	0	0	1	1	Non_plant	Plant_dominant	Plant_dominant	Plant_dominant	0	Node366	Node365
branch_300	366	149	50.6476181985	1	0	-1	0	1	0	1	1	0	Plant_dominant	Plant_dominant	Plant_dominant	Plant_dominant	1	Geomys_bursarius	Node366
branch_301	366	367	46.14728732	1	0	-1	0	1	0	1	1	0	Plant_dominant	Plant_dominant	Plant_dominant	Plant_dominant	1	Node367	Node366
branch_302	367	150	4.500339744	0	0	0	0	0	0	0	0	0	Plant_dominant	Plant_dominant	Plant_dominant	Plant_dominant	1	Castor_fiber	Node367
branch_303	367	151	4.500339744	0	0	0	0	0	0	0	0	0	Plant_dominant	Plant_dominant	Plant_dominant	Plant_dominant	1	Castor_canadensis	Node367
branch_304	365	368	3.60664	1	1	0	0	0	0	0	1	1	Non_plant	Non_plant	Non_plant	Non_plant	1	Node368	Node365
branch_305	368	369	5.416504	1	1	0	0	0	0	0	1	1	Non_plant	Non_plant	Non_plant	Non_plant	1	Node369	Node368
branch_306	369	370	43.265931858	1	0	-1	0	1	0	1	1	0	Non_plant	Non_plant	Non_plant	Non_plant	1	Node370	Node369
branch_307	370	152	13.5742892659	0	0	0	0	0	0	0	0	0	Non_plant	Non_plant	Non_plant	Non_plant	1	Myospalax_psilurus	Node370
branch_308	370	153	13.5742889905	0	0	0	0	0	0	0	0	0	Non_plant	Non_plant	Non_plant	Non_plant	1	Eospalax_fontanierii	Node370
branch_309	369	371	5.198225	1	0	-1	0	1	0	1	1	0	Non_plant	Non_plant	Non_plant	Non_plant	1	Node371	Node369
branch_310	371	372	0.393154566	0	0	0	0	0	0	0	0	0	Non_plant	Non_plant	Non_plant	Non_plant	1	Node372	Node371
branch_311	372	373	7.2582871	0	0	0	0	0	0	0	0	0	Non_plant	Non_plant	Non_plant	Non_plant	1	Node373	Node372
branch_312	373	374	41.131625309	0	0	0	0	0	0	0	0	0	Non_plant	Non_plant	Non_plant	Non_plant	1	Node374	Node373
branch_313	374	154	2.858926277879	0	0	0	0	0	0	0	0	0	Non_plant	Non_plant	Non_plant	Non_plant	1	Acomys_cahirinus	Node374
branch_314	374	155	2.85892619702	0	0	0	0	0	0	0	0	0	Non_plant	Non_plant	Non_plant	Non_plant	1	Acomys_minous	Node374
branch_315	373	156	43.9905504947	0	0	0	0	0	0	0	0	0	Non_plant	Plant_dominant	Plant_dominant	Plant_dominant	0	Meriones_unguiculatus	Node373
branch_316	372	375	21.848626785	0	0	0	0	0	0	0	0	0	Non_plant	Non_plant	Non_plant	Non_plant	1	Node375	Node372
branch_317	375	376	1.5600527998	0	0	0	0	0	0	0	0	0	Non_plant	Non_plant	Non_plant	Non_plant	1	Node376	Node375
branch_318	376	377	1.251431303	0	0	0	0	0	0	0	0	0	Non_plant	Plant_dominant	Plant_dominant	Plant_dominant	0	Node377	Node376
branch_319	377	378	6.2160063513	0	0	0	0	0	0	0	0	0	Plant_dominant	Plant_dominant	Plant_dominant	Plant_dominant	1	Node378	Node377
branch_320	378	157	20.372727201	0	0	0	0	0	0	0	0	0	Plant_dominant	Plant_dominant	Plant_dominant	Plant_dominant	1	Apodemus_agrarius	Node378
branch_321	378	158	20.372724599	0	0	0	0	0	0	0	0	0	Plant_dominant	Plant_dominant	Plant_dominant	Plant_dominant	1	Tokudaia_muenninki	Node378
branch_322	377	379	22.0641756989	0	0	0	0	0	0	0	0	0	Plant_dominant	Plant_dominant	Plant_dominant	Plant_dominant	1	Node379	Node377
branch_323	379	159	4.52455134	0	0	0	0	0	0	0	0	0	Plant_dominant	Plant_dominant	Plant_dominant	Plant_dominant	1	Mus_spretus	Node379
branch_324	379	160	4.5245529687	0	0	0	0	0	0	0	0	0	Plant_dominant	Plant_dominant	Plant_dominant	Plant_dominant	1	Mus_musculus	Node379
branch_325	376	161	27.8401615987	0	0	0	0	0	0	0	0	0	Non_plant	Non_plant	Non_plant	Non_plant	1	Arvicanthis_niloticus	Node376
branch_326	375	162	29.4002127694	0	0	0	0	0	0	0	0	0	Non_plant	Non_plant	Non_plant	Non_plant	1	Rattus_norvegicus	Node375
branch_327	371	380	16.35739878	0	0	0	0	0	0	0	0	0	Non_plant	Non_plant	Non_plant	Non_plant	1	Node380	Node371
branch_328	380	381	3.357085853	0	0	0	0	0	0	0	0	0	Non_plant	Non_plant	Non_plant	Non_plant	1	Node381	Node380
branch_329	381	382	18.1966555168	0	0	0	0	0	0	0	0	0	Non_plant	Plant_dominant	Plant_dominant	Plant_dominant	0	Node382	Node381
branch_330	382	163	13.7308551214	0	0	0	0	0	0	0	0	0	Plant_dominant	Plant_dominant	Plant_dominant	Plant_dominant	1	Lemmus_lemmus	Node382
branch_331	382	383	3.2361043564	0	0	0	0	0	0	0	0	0	Plant_dominant	Plant_dominant	Plant_dominant	Plant_dominant	1	Node383	Node382
branch_332	383	164	10.494752683	0	0	0	0	0	0	0	0	0	Plant_dominant	Non_plant	Non_plant	Non_plant	0	Chionomys_nivalis	Node383
branch_333	383	384	4.102503599	0	0	0	0	0	0	0	0	0	Plant_dominant	Plant_dominant	Plant_dominant	Plant_dominant	1	Node384	Node383
branch_334	384	385	1.79532661	0	0	0	0	0	0	0	0	0	Plant_dominant	Plant_dominant	Plant_dominant	Plant_dominant	1	Node385	Node384
branch_335	385	165	4.596922228	0	0	0	0	0	0	0	0	0	Plant_dominant	Plant_dominant	Plant_dominant	Plant_dominant	1	Microtus_pennsylvanicus	Node385
branch_336	385	166	4.5969211041	0	0	0	0	0	0	0	0	0	Plant_dominant	Plant_dominant	Plant_dominant	Plant_dominant	1	Microtus_oregoni	Node385
branch_337	384	167	6.392249358	0	0	0	0	0	0	0	0	0	Plant_dominant	Plant_dominant	Plant_dominant	Plant_dominant	1	Microtus_californicus	Node384
branch_338	381	386	8.751911979	0	0	0	0	0	0	0	0	0	Non_plant	Non_plant	Non_plant	Non_plant	1	Node386	Node381
branch_339	386	168	23.1756014787	0	0	0	0	0	0	0	0	0	Non_plant	Plant_dominant	Plant_dominant	Plant_dominant	0	Cricetus_cricetus	Node386
branch_340	386	387	14.658325203	0	0	0	0	0	0	0	0	0	Non_plant	Non_plant	Non_plant	Non_plant	1	Node387	Node386
branch_341	387	169	8.517274521	0	0	0	0	0	0	0	0	0	Non_plant	Non_plant	Non_plant	Non_plant	1	Phodopus_roborovskii	Node387
branch_342	387	170	8.5172764402	0	0	0	0	0	0	0	0	0	Non_plant	Non_plant	Non_plant	Non_plant	1	Phodopus_sungorus	Node387
branch_343	380	388	0.2275966099	0	0	0	0	0	0	0	0	0	Non_plant	Non_plant	Non_plant	Non_plant	1	Node388	Node380
branch_344	388	389	9.204689757	0	0	0	0	0	0	0	0	0	Non_plant	Non_plant	Non_plant	Non_plant	1	Node389	Node388
branch_345	389	171	25.85231116743	0	0	0	0	0	0	0	0	0	Non_plant	Plant_dominant	Plant_dominant	Plant_dominant	0	Neotoma_floridana	Node389
branch_346	389	390	21.450505087	0	0	0	0	0	0	0	0	0	Non_plant	Non_plant	Non_plant	Non_plant	1	Node390	Node389
branch_347	390	172	4.401805829	0	0	0	0	0	0	0	0	0	Non_plant	Non_plant	Non_plant	Non_plant	1	Onychomys_leucogaster	Node390
branch_348	390	173	4.401805829	0	0	0	0	0	0	0	0	0	Non_plant	Non_plant	Non_plant	Non_plant	1	Onychomys_arenicola	Node390
branch_349	388	174	35.0570006728	0	0	0	0	0	0	0	0	0	Non_plant	Non_plant	Non_plant	Non_plant	1	Sigmodon_hispidus	Node388
branch_350	368	391	42.450874816	1	0	-1	0	1	0	1	1	0	Non_plant	Non_plant	Non_plant	Non_plant	1	Node391	Node368
branch_351	391	175	19.805873883	0	0	0	0	0	0	0	0	0	Non_plant	Non_plant	Non_plant	Non_plant	1	Salpingotus_crassicauda	Node391
branch_352	391	392	12.7197350494	0	0	0	0	0	0	0	0	0	Non_plant	Non_plant	Non_plant	Non_plant	1	Node392	Node391
branch_353	392	176	7.086135855	0	0	0	0	0	0	0	0	0	Non_plant	Plant_dominant	Plant_dominant	Plant_dominant	0	Dipus_sagitta	Node392
branch_354	392	177	7.0861365997	0	0	0	0	0	0	0	0	0	Non_plant	Non_plant	Non_plant	Non_plant	1	Jaculus_jaculus	Node392
branch_355	347	393	15.085574	2	2	0	0	0	0	0	2	2	Non_plant	Non_plant	Non_plant	Non_plant	1	Node393	Node347
branch_356	393	394	0.05795644439	2	2	0	0	0	0	0	2	2	Non_plant	Non_plant	Non_plant	Non_plant	1	Node394	Node393
branch_357	394	395	18.86443727	2	1	-1	0	1	0	1	2	1	Non_plant	Non_plant	Non_plant	Non_plant	1	Node395	Node394
branch_358	395	396	8.655874188	1	1	0	0	0	0	0	1	1	Non_plant	Non_plant	Non_plant	Non_plant	1	Node396	Node395
branch_359	396	178	41.42536012	1	1	0	0	0	0	0	1	1	Non_plant	Non_plant	Non_plant	Non_plant	1	Daubentonia_madagascariensis	Node396
branch_360	396	397	19.769875437	1	1	0	0	0	0	0	1	1	Non_plant	Plant_dominant	Plant_dominant	Plant_dominant	0	Node397	Node396
branch_361	397	179	21.655496605	1	1	0	0	0	0	0	1	1	Plant_dominant	Plant_dominant	Plant_dominant	Plant_dominant	1	Lemur_catta	Node397
branch_362	397	180	21.655494797	1	1	0	0	0	0	0	1	1	Plant_dominant	Plant_dominant	Plant_dominant	Plant_dominant	1	Microcebus_murinus	Node397
branch_363	395	398	49.4153310745	1	1	0	0	0	0	0	1	1	Non_plant	Non_plant	Non_plant	Non_plant	1	Node398	Node395
branch_364	398	181	0.6659202109	1	1	0	0	0	0	0	1	1	Non_plant	Non_plant	Non_plant	Non_plant	1	Nycticebus_coucang	Node398
branch_365	398	182	0.6659202109	1	1	0	0	0	0	0	1	1	Non_plant	Non_plant	Non_plant	Non_plant	1	Nycticebus_bengalensis	Node398
branch_366	394	399	37.833758061	2	2	0	0	0	0	0	2	2	Non_plant	Plant_dominant	Plant_dominant	Plant_dominant	0	Node399	Node394
branch_367	399	400	9.525145053	2	3	1	1	0	1	0	2	3	Plant_dominant	Plant_dominant	Plant_dominant	Plant_dominant	1	Node400	Node399
branch_368	400	401	7.90771396	3	4	1	1	0	1	0	3	4	Plant_dominant	Plant_dominant	Plant_dominant	Plant_dominant	1	Node401	Node400
branch_369	401	402	8.654258705	4	3	-1	0	1	0	1	4	3	Plant_dominant	Plant_dominant	Plant_dominant	Plant_dominant	1	Node402	Node401
branch_370	402	403	1.03259404	3	3	0	0	0	0	0	3	3	Plant_dominant	Plant_dominant	Plant_dominant	Plant_dominant	1	Node403	Node402
branch_371	403	183	3.992209344	3	3	0	0	0	0	0	3	3	Plant_dominant	Plant_dominant	Plant_dominant	Plant_dominant	1	Symphalangus_syndactylus	Node403
branch_372	403	184	3.992210429	3	2	-1	0	1	0	1	3	2	Plant_dominant	Plant_dominant	Plant_dominant	Plant_dominant	1	Hylobates_pileatus	Node403
branch_373	402	185	5.0248041069	3	3	0	0	0	0	0	3	3	Plant_dominant	Plant_dominant	Plant_dominant	Plant_dominant	1	Nomascus_leucogenys	Node402
branch_374	401	404	4.232750082	4	4	0	0	0	0	0	4	4	Plant_dominant	Plant_dominant	Plant_dominant	Plant_dominant	1	Node404	Node401
branch_375	404	405	7.347069038	4	6	2	2	0	1	0	4	6	Plant_dominant	Plant_dominant	Plant_dominant	Plant_dominant	1	Node405	Node404
branch_376	405	186	2.099245499	6	5	-1	0	1	0	1	6	5	Plant_dominant	Plant_dominant	Plant_dominant	Plant_dominant	1	Pongo_pygmaeus	Node405
branch_377	405	187	2.099245499	6	8	2	2	0	1	0	6	8	Plant_dominant	Plant_dominant	Plant_dominant	Plant_dominant	1	Pongo_abelii	Node405
branch_378	404	406	3.699579215	4	4	0	0	0	0	0	4	4	Plant_dominant	Plant_dominant	Plant_dominant	Plant_dominant	1	Node406	Node404
branch_379	406	407	4.386151227	4	3	-1	0	1	0	1	4	3	Plant_dominant	Plant_dominant	Plant_dominant	Plant_dominant	1	Node407	Node406
branch_380	407	188	1.360582288	3	3	0	0	0	0	0	3	3	Plant_dominant	Plant_dominant	Plant_dominant	Plant_dominant	1	Pan_troglodytes	Node407
branch_381	407	189	1.360582288	3	3	0	0	0	0	0	3	3	Plant_dominant	Plant_dominant	Plant_dominant	Plant_dominant	1	Pan_paniscus	Node407
branch_382	406	190	5.746732792	4	4	0	0	0	0	0	4	4	Plant_dominant	Plant_dominant	Plant_dominant	Plant_dominant	1	Gorilla_gorilla	Node406
branch_383	400	408	8.241728647	3	4	1	1	0	1	0	3	4	Plant_dominant	Plant_dominant	Plant_dominant	Plant_dominant	1	Node408	Node400
branch_384	408	409	4.182301472	4	3	-1	0	1	0	1	4	3	Plant_dominant	Plant_dominant	Plant_dominant	Plant_dominant	1	Node409	Node408
branch_385	409	410	6.16243915348	3	3	0	0	0	0	0	3	3	Plant_dominant	Plant_dominant	Plant_dominant	Plant_dominant	1	Node410	Node409
branch_386	410	411	0.3206371858	3	3	0	0	0	0	0	3	3	Plant_dominant	Plant_dominant	Plant_dominant	Plant_dominant	1	Node411	Node410
branch_387	411	191	2.6796712353	3	4	1	1	0	1	0	3	4	Plant_dominant	Plant_dominant	Plant_dominant	Plant_dominant	1	Trachypithecus_germaini	Node411
branch_388	411	192	2.6796712351	3	2	-1	0	1	0	1	3	2	Plant_dominant	Plant_dominant	Plant_dominant	Plant_dominant	1	Trachypithecus_francoisi	Node411
branch_389	410	193	3.0003086736	3	4	1	1	0	1	0	3	4	Plant_dominant	Plant_dominant	Plant_dominant	Plant_dominant	1	Trachypithecus_shortridgei	Node410
branch_390	409	194	9.16274968845	3	3	0	0	0	0	0	3	3	Plant_dominant	Plant_dominant	Plant_dominant	Plant_dominant	1	Colobus_guereza	Node409
branch_391	408	412	4.024381673	4	4	0	0	0	0	0	4	4	Plant_dominant	Plant_dominant	Plant_dominant	Plant_dominant	1	Node412	Node408
branch_392	412	413	1.471962079	4	4	0	0	0	0	0	4	4	Plant_dominant	Plant_dominant	Plant_dominant	Plant_dominant	1	Node413	Node412
branch_393	413	414	3.43812105003	4	5	1	1	0	1	0	4	5	Plant_dominant	Plant_dominant	Plant_dominant	Plant_dominant	1	Node414	Node413
branch_394	414	415	0.623369759	5	6	1	1	0	1	0	5	6	Plant_dominant	Plant_dominant	Plant_dominant	Plant_dominant	1	Node415	Node414
branch_395	415	416	0.2082497963	6	6	0	0	0	0	0	6	6	Plant_dominant	Plant_dominant	Plant_dominant	Plant_dominant	1	Node416	Node415
branch_396	416	195	3.578966595	6	13	7	7	0	1	0	6	13	Plant_dominant	Non_plant	Non_plant	Non_plant	0	Macaca_fascicularis	Node416
branch_397	416	417	2.3406731259	6	4	-2	0	2	0	1	6	4	Plant_dominant	Plant_dominant	Plant_dominant	Plant_dominant	1	Node417	Node416
branch_398	417	196	1.238293469	4	4	0	0	0	0	0	4	4	Plant_dominant	Plant_dominant	Plant_dominant	Plant_dominant	1	Macaca_mulatta	Node417
branch_399	417	197	1.2382934686	4	4	0	0	0	0	0	4	4	Plant_dominant	Plant_dominant	Plant_dominant	Plant_dominant	1	Macaca_nigra	Node417
branch_400	415	198	3.787216463	6	5	-1	0	1	0	1	6	5	Plant_dominant	Plant_dominant	Plant_dominant	Plant_dominant	1	Macaca_assamensis	Node415
branch_401	414	418	2.4830828921	5	4	-1	0	1	0	1	5	4	Plant_dominant	Plant_dominant	Plant_dominant	Plant_dominant	1	Node418	Node414
branch_402	418	199	1.92750338	4	4	0	0	0	0	0	4	4	Plant_dominant	Plant_dominant	Plant_dominant	Plant_dominant	1	Macaca_nemestrina	Node418
branch_403	418	200	1.9275033807	4	2	-2	0	2	0	1	4	2	Plant_dominant	Plant_dominant	Plant_dominant	Plant_dominant	1	Macaca_silenus	Node418
branch_404	413	201	7.84870744442	4	3	-1	0	1	0	1	4	3	Plant_dominant	Plant_dominant	Plant_dominant	Plant_dominant	1	Papio_hamadryas	Node413
branch_405	412	202	9.32067075241	4	4	0	0	0	0	0	4	4	Plant_dominant	Plant_dominant	Plant_dominant	Plant_dominant	1	Erythrocebus_patas	Node412
branch_406	399	419	14.8174684671	2	1	-1	0	1	0	1	2	1	Plant_dominant	Plant_dominant	Plant_dominant	Plant_dominant	1	Node419	Node399
branch_407	419	420	2.016013785	1	1	0	0	0	0	0	1	1	Plant_dominant	Non_plant	Non_plant	Non_plant	0	Node420	Node419
branch_408	420	421	2.772886418	1	1	0	0	0	0	0	1	1	Non_plant	Non_plant	Non_plant	Non_plant	1	Node421	Node420
branch_409	421	422	1.238835216	1	1	0	0	0	0	0	1	1	Non_plant	Non_plant	Non_plant	Non_plant	1	Node422	Node421
branch_410	422	203	10.266721952	1	1	0	0	0	0	0	1	1	Non_plant	Non_plant	Non_plant	Non_plant	1	Callithrix_jacchus	Node422
branch_411	422	204	10.2667217362	1	1	0	0	0	0	0	1	1	Non_plant	Non_plant	Non_plant	Non_plant	1	Leontopithecus_rosalia	Node422
branch_412	421	423	7.8217774871	1	1	0	0	0	0	0	1	1	Non_plant	Non_plant	Non_plant	Non_plant	1	Node423	Node421
branch_413	423	205	3.6837792842	1	1	0	0	0	0	0	1	1	Non_plant	Non_plant	Non_plant	Non_plant	1	Saguinus_midas	Node423
branch_414	423	206	3.6837796457	1	1	0	0	0	0	0	1	1	Non_plant	Non_plant	Non_plant	Non_plant	1	Saguinus_oedipus	Node423
branch_415	420	424	0.8285605458	1	1	0	0	0	0	0	1	1	Non_plant	Non_plant	Non_plant	Non_plant	1	Node424	Node420
branch_416	424	207	13.449881051	1	1	0	0	0	0	0	1	1	Non_plant	Non_plant	Non_plant	Non_plant	1	Saimiri_boliviensis	Node424
branch_417	424	208	13.4498843049	1	1	0	0	0	0	0	1	1	Non_plant	Non_plant	Non_plant	Non_plant	1	Cebus_albifrons	Node424
branch_418	419	425	8.221626183	1	1	0	0	0	0	0	1	1	Plant_dominant	Plant_dominant	Plant_dominant	Plant_dominant	1	Node425	Node419
branch_419	425	426	5.426895686	1	1	0	0	0	0	0	1	1	Plant_dominant	Plant_dominant	Plant_dominant	Plant_dominant	1	Node426	Node425
branch_420	426	209	2.6459369115	1	1	0	0	0	0	0	1	1	Plant_dominant	Plant_dominant	Plant_dominant	Plant_dominant	1	Ateles_geoffroyi	Node426
branch_421	426	210	2.6459368756	1	1	0	0	0	0	0	1	1	Plant_dominant	Plant_dominant	Plant_dominant	Plant_dominant	1	Ateles_hybridus	Node426
branch_422	425	211	8.072831152	1	1	0	0	0	0	0	1	1	Plant_dominant	Plant_dominant	Plant_dominant	Plant_dominant	1	Brachyteles_arachnoides	Node425
branch_423	393	212	69.003651	2	1	-1	0	1	0	1	2	1	Non_plant	Plant_dominant	Plant_dominant	Plant_dominant	0	Cynocephalus_volans	Node393
branch_424	223	427	23.79366187	2	1	-1	0	1	0	1	2	1	Non_plant	Non_plant	Non_plant	Non_plant	1	Node427	Node223
branch_425	427	213	67.472826121	1	1	0	0	0	0	0	1	1	Non_plant	Plant_dominant	Plant_dominant	Plant_dominant	0	Choloepus_didactylus	Node427
branch_426	427	214	67.472816422	1	1	0	0	0	0	0	1	1	Non_plant	Non_plant	Non_plant	Non_plant	1	Dasypus_novemcinctus	Node427
