analysis	n_branches	plant_branches	nonplant_branches	plant_time	nonplant_time	plant_gain	nonplant_gain	plant_loss	nonplant_loss	plant_gain_events	nonplant_gain_events	plant_loss_events	nonplant_loss_events	plant_gain_rate	nonplant_gain_rate	gain_rate_ratio	gain_rate_ratio_corrected	gain_poisson_p	gain_poisson_low95	gain_poisson_high95	gain_fisher_or	gain_fisher_p	plant_loss_rate	nonplant_loss_rate	loss_rate_ratio	loss_rate_ratio_corrected	loss_poisson_p	loss_poisson_low95	loss_poisson_high95	loss_fisher_or	loss_fisher_p
all_orders_all_branches	588	229	359	2167.94419997928	3876.2995039087	53	7	39	17	25	1	33	17	0.0244471236854281	0.00180584601188363	13.5377676305457	12.7544502582122	4.65639581066739e-17	6.13347761838287	35.2961557588256	43.6728462984265	4.21434756739189e-10	0.0179893929005981	0.00438562602886023	4.10189851624747	4.03578733137022	3.72477528384776e-07	2.26673067942537	7.73286163483366	3.3797905646146	6.16328399323615e-05
all_orders_stable_branches	531	213	318	1891.33179831665	3236.1650132167	52	0	39	12	24	0	33	12	0.0274938538263259	0	Inf	179.660346582331	2.99806410511863e-23	23.2742839902087	Inf	Inf	1.32836217472945e-10	0.0206203903697444	0.00370809274279626	5.56091548945311	5.40692090666826	1.178156321132e-08	2.85259722743896	11.6661387691948	4.66103501597166	3.96183342709946e-06
remove_Afrosoricida_all_branches	585	229	356	2167.94419997928	3726.5211966128	53	7	39	17	25	1	33	17	0.0244471236854281	0.00187842752816289	13.0146749442804	12.2616245701459	1.59748687221622e-16	5.89648305834117	33.9323296514057	43.3069157257125	4.7883954325477e-10	0.0179893929005981	0.00456189542553845	3.94340317401615	3.87984649282321	9.47322985483534e-07	2.17914532026577	7.43406766263134	3.35017230045981	6.65318110488227e-05
remove_Afrosoricida_stable_branches	528	213	315	1891.33179831665	3086.3867059208	52	0	39	12	24	0	33	12	0.0274938538263259	0	Inf	171.345188829436	1.40069745654113e-22	22.1970883449494	Inf	Inf	1.52648559007104e-10	0.0206203903697444	0.00388804163035685	5.30354155900636	5.15667425429542	3.86824264400446e-08	2.72057145545953	11.1261988988876	4.61538423328562	4.17165098296471e-06
remove_Artiodactyla_all_branches	503	183	320	1830.40319151634	3686.3596024794	53	7	34	16	25	1	29	16	0.0289553690933492	0.00189889233684416	15.248557557229	14.3662510822195	9.89691829243018e-19	6.90857525718347	39.7565889240838	50.1780117778997	6.1409098689444e-11	0.0185751424372429	0.00434032534135807	4.27966591818456	4.2110081761816	5.5712261281922e-07	2.29864555773105	8.30323810744968	3.56813455238019	7.14440630540621e-05
remove_Artiodactyla_stable_branches	453	167	286	1553.79078985371	3092.1852775836	52	0	34	12	24	0	29	12	0.0334665389572143	0	Inf	208.959569246029	1.83827243357046e-25	27.0698818610764	Inf	Inf	1.30055289335678e-11	0.0218819677797171	0.00388075064162308	5.63859155108331	5.49265153446704	3.10841568378027e-08	2.84822626034688	11.9589629380717	4.78055080354628	4.94401776302351e-06
remove_Carnivora_all_branches	493	223	270	2118.23425835198	3367.83439047182	53	7	39	16	25	1	33	16	0.025020839782487	0.00207848700037157	12.0380063854207	11.34146765117	1.72041553284706e-15	5.45398951658265	31.3859241790236	33.8066128301104	1.72376707424404e-08	0.0184115613493772	0.00475082742942074	3.87544309341964	3.80618498063903	2.11257115166287e-06	2.1163448507485	7.4283869466037	2.7515828533547	0.00133459684238007
remove_Carnivora_stable_branches	446	208	238	1865.74873624935	2783.02975472342	52	0	39	12	24	0	33	12	0.0278708483032575	0	Inf	156.622442544646	2.41403610198395e-21	20.2898150669755	Inf	Inf	5.29413523264962e-09	0.0209031362274431	0.00431184753940677	4.84783750733427	4.71358969943886	1.73905337076237e-07	2.48680776730458	10.1701860419086	3.54161404168432	0.000218799720600295
remove_Chiroptera_all_branches	485	218	267	2027.65896780455	2791.03646429413	53	7	39	16	25	1	33	16	0.0261385177890076	0.00250802885936868	10.4219366102458	9.81890631581653	1.16649951618115e-13	4.72180618574935	27.1724488071315	34.291460542197	1.44674055038564e-08	0.0192340036560622	0.0057326373928427	3.35517534740226	3.29521494880844	2.54392458780232e-05	1.83223128263445	6.43114610469413	2.79237865000513	0.00127587242404345
remove_Chiroptera_stable_branches	436	204	232	1795.00190606992	2314.04333624673	52	0	39	11	24	0	33	11	0.0289693285696012	0	Inf	135.361722728133	1.98083149887994e-19	17.5355732976655	Inf	Inf	5.64822900182282e-09	0.0217269964272009	0.00475358426858223	4.57065557263825	4.42798182009213	1.03350980303404e-06	2.29570348675902	9.8950686063249	3.86557764553293	9.40172475179377e-05
remove_Cingulata_all_branches	587	229	358	2167.94419997928	3808.8266874867	53	7	39	17	25	1	33	17	0.0244471236854281	0.00183783631400121	13.3021224464781	12.5324398898266	8.08676590646857e-17	6.02671522580812	34.6817731406826	43.5508694402802	4.39729785631527e-10	0.0179893929005981	0.00446331676257437	4.03049881008716	3.9655383897048	4.65228995798273e-07	2.22727482652836	7.59825956061888	3.36991781016569	6.31565299564034e-05
remove_Cingulata_stable_branches	530	213	317	1891.33179831665	3168.6921967947	52	0	39	12	24	0	33	12	0.0274938538263259	0	Inf	175.914496313957	5.97018368931461e-23	22.7890239726845	Inf	Inf	1.39124322442078e-10	0.0206203903697444	0.00378705133055796	5.4449725049558	5.29418865097241	1.63851404897171e-08	2.79312165426305	11.4229041886612	4.6458181258229	4.02162694652077e-06
remove_Dermoptera_all_branches	587	228	359	2098.94054897928	3876.2995039087	53	7	38	17	25	1	32	17	0.0252508342962711	0.00180584601188363	13.9828280651309	13.1737587682806	1.66591324279256e-17	6.33511856014323	36.4565333668565	43.8869809460873	3.92753903584826e-10	0.0181043717595906	0.00438562602886023	4.12811572178115	4.06293494722671	5.20551534180945e-07	2.27431388431086	7.79971558974711	3.27753408304482	0.000104202469200226
remove_Dermoptera_stable_branches	530	212	318	1822.32814731665	3236.1650132167	52	0	38	12	24	0	32	12	0.0285349266412689	0	Inf	186.463303487958	8.77973965862362e-24	24.1555800246798	Inf	Inf	1.23448342448605e-10	0.0208524463916965	0.00370809274279626	5.62349645439874	5.46959023564678	1.55525843158248e-08	2.8767239361877	11.8206839743802	4.52000086604457	7.1119545378725e-06
remove_Eulipotyphla_all_branches	571	229	342	2167.94419997928	3575.77572106296	53	7	39	15	25	1	33	15	0.0244471236854281	0.00195761718464802	12.4882044748824	11.7656165430025	5.6810569361508e-16	5.65795814574732	32.5596968660443	41.5992397864995	8.76513637334754e-10	0.0179893929005981	0.00419489396710289	4.28840229137473	4.2032727173524	3.32622229548141e-07	2.31134174718517	8.37394069071311	3.66185338631486	4.11889925692179e-05
remove_Eulipotyphla_stable_branches	517	213	304	1891.33179831665	3022.64536201946	52	0	39	10	24	0	33	10	0.0274938538263259	0	Inf	167.806496614989	2.73778106140645e-22	21.7386648301353	Inf	Inf	2.55925692625453e-10	0.0206203903697444	0.00330836032756383	6.23281273141386	6.01211484470934	6.50716888098536e-09	3.05535930605185	14.0013226021517	5.37248009398796	1.08115056180184e-06
remove_Hyracoidea_all_branches	587	228	359	2122.84811571528	3876.2995039087	53	7	39	17	25	1	33	17	0.0249664587907374	0.00180584601188363	13.8253531178417	13.0253955789478	2.3914474389117e-17	6.26377230195553	36.0459590078248	43.8869809460873	3.92753903584826e-10	0.0183715451479011	0.00438562602886023	4.18903596134384	4.12152036343207	3.12539465227424e-07	2.31488328957512	7.89713235081412	3.39707100392147	5.9244173038776e-05
remove_Hyracoidea_stable_branches	530	212	318	1846.23571405265	3236.1650132167	52	0	39	12	24	0	33	12	0.0281654176680698	0	Inf	184.048723465471	1.3531584496818e-23	23.8427807774921	Inf	Inf	1.23448342448605e-10	0.0211240632510524	0.00370809274279626	5.69674620250269	5.538990153818	9.00040736411458e-09	2.92227466026116	11.9510954369522	4.68697528197866	3.87256422909022e-06
remove_Lagomorpha_all_branches	567	208	359	1983.43023545256	3876.2995039087	26	7	30	17	17	1	27	17	0.0131086032345713	0.00180584601188363	7.25898174501497	6.90533904461681	1.59440270121267e-07	3.06862735237394	19.807895601703	31.7131607858659	3.10621474527556e-07	0.0151253114245054	0.00438562602886023	3.44883748066322	3.40613758804549	3.48863841721644e-05	1.8419545305917	6.66594214103516	2.99474913559774	0.000571221354864522
remove_Lagomorpha_stable_branches	510	192	318	1706.81783378993	3236.1650132167	25	0	30	12	16	0	27	12	0.0146471401370868	0	Inf	96.6971474088575	2.85070130402657e-12	11.9248772175295	Inf	Inf	1.08614338977674e-07	0.0175765681645041	0.00370809274279626	4.74005624553223	4.62629489563945	1.63253421472988e-06	2.35668606852707	10.1658440726897	4.16037320226424	4.48494221108262e-05
remove_Macroscelidea_all_branches	587	229	358	2167.94419997928	3798.6066592657	53	7	39	17	25	1	33	17	0.0244471236854281	0.00184278095309641	13.2664295473371	12.4988122401956	8.79615739705149e-17	6.01054405165361	34.5887133274292	43.5508694402802	4.39729785631527e-10	0.0179893929005981	0.00447532517180556	4.0196839804917	3.9548978650552	4.83458866078245e-07	2.22129849485177	7.57787154259875	3.36991781016569	6.31565299564034e-05
remove_Macroscelidea_stable_branches	530	213	317	1891.33179831665	3158.4721685737	52	0	39	12	24	0	33	12	0.0274938538263259	0	Inf	175.347116775284	6.63203280117062e-23	22.7155222080242	Inf	Inf	1.39124322442078e-10	0.0206203903697444	0.00379930528418079	5.42741075733023	5.2771132286657	1.73183031392463e-08	2.78411295907955	11.3860617325552	4.6458181258229	4.02162694652077e-06
remove_Perissodactyla_all_branches	583	224	359	2055.56189847978	3876.2995039087	43	7	39	17	22	1	33	17	0.0209188543686285	0.00180584601188363	11.5839635444933	10.9374167420099	8.96570027589868e-14	5.16655599052574	30.52026024866	38.8123309915495	5.62877252841785e-09	0.0189729144273607	0.00438562602886023	4.32615875191062	4.25643311634869	1.2270539367171e-07	2.39065806435196	8.15563498373768	3.46799704297758	5.20888678816864e-05
remove_Perissodactyla_stable_branches	526	208	318	1778.94949681715	3236.1650132167	42	0	39	12	21	0	33	12	0.0236094392084459	0	Inf	154.627226132937	1.24473281567732e-19	19.8157328959997	Inf	Inf	1.82257235154715e-09	0.0219230506935569	0.00370809274279626	5.91221746978876	5.74849452447153	2.95074695838374e-09	3.03280551454563	12.4031285077121	4.79368872168604	1.91492144282484e-06
remove_Pholidota_all_branches	585	229	356	2167.94419997928	3805.1677456399	53	7	39	16	25	1	33	16	0.0244471236854281	0.00183960352550051	13.28934378878	12.5204006261588	8.33379219179518e-17	6.02092567371038	34.6484561637032	43.3069157257125	4.7883954325477e-10	0.0179893929005981	0.00420480805828689	4.27829110181245	4.20183368507454	2.83173118196603e-07	2.33633654915429	8.20055952529323	3.56974127489135	4.60994724070656e-05
remove_Pholidota_stable_branches	528	213	315	1891.33179831665	3165.0332549479	52	0	39	11	24	0	33	11	0.0274938538263259	0	Inf	175.711364904515	6.19903040063115e-23	22.7627091057669	Inf	Inf	1.52648559007104e-10	0.0206203903697444	0.00347547691096253	5.93311102274985	5.74790800308765	7.75773505602529e-09	2.98002407877633	12.8446652096266	5.05083224989621	1.46109574697527e-06
remove_Pilosa_all_branches	581	226	355	2076.53919983628	3795.0836747737	53	7	39	17	25	1	33	17	0.0255232359707819	0.00184449161069351	13.8375451657302	13.0368821750087	2.32524347414026e-17	6.26929608215968	36.0777465545632	43.8264570871273	4.04317243399276e-10	0.0187812491105754	0.00447947962596996	4.19273011125898	4.12515497393466	3.11084191113899e-07	2.31692469623446	7.90409652850866	3.39206455049372	5.99918244045387e-05
remove_Pilosa_stable_branches	525	211	314	1833.26470455365	3154.9491840817	52	0	39	12	24	0	33	12	0.0283646981643388	0	Inf	180.699308455422	2.480651269333e-23	23.4088773723841	Inf	Inf	1.38141746136209e-10	0.0212735236232541	0.0038035477910535	5.59307383314402	5.4381887116108	1.09051427310569e-08	2.86909357632714	11.7336031463818	4.65165728396707	3.98566250791779e-06
remove_Primates_all_branches	507	167	340	1829.1873270346	3696.0991501107	41	0	21	16	15	0	17	16	0.0224143254187462	0	Inf	167.711761898395	2.07032592707333e-20	21.463029862558	Inf	Inf	3.75938060965482e-08	0.011480508141309	0.00432888820082675	2.6520685239957	2.63293383046038	0.00436727408944591	1.31861221917242	5.43611970666684	2.2909085640761	0.0222436997433028
remove_Primates_stable_branches	457	151	306	1552.57492537197	3156.6335451175	40	0	21	12	14	0	17	12	0.0257636519476937	0	Inf	164.685976165214	5.29890403559221e-20	21.045414661769	Inf	Inf	1.21422337492583e-07	0.0135259172725392	0.00380151824039281	3.55803034924845	3.49703554326134	0.00033033353753266	1.67188397436229	7.93316116593335	3.09965426803117	0.00383894838274355
remove_Proboscidea_all_branches	587	228	359	2122.84811147228	3876.2995039087	53	7	39	17	25	1	33	17	0.0249664588406386	0.00180584601188363	13.8253531454749	13.025395604982	2.39144728670663e-17	6.26377231447512	36.0459590798709	43.8869809460873	3.92753903584826e-10	0.0183715451846208	0.00438562602886023	4.18903596971659	4.12152037166987	3.12539461836747e-07	2.31488329420194	7.89713236659835	3.39707100392147	5.9244173038776e-05
remove_Proboscidea_stable_branches	530	212	318	1846.23570980965	3236.1650132167	52	0	39	12	24	0	33	12	0.0281654177327993	0	Inf	184.04872388845	1.35315834671442e-23	23.8427808322873	Inf	Inf	1.23448342448605e-10	0.0211240632995995	0.00370809274279626	5.69674621559489	5.53899016654765	9.00040720222537e-09	2.9222746669771	11.9510954644181	4.68697528197866	3.87256422909022e-06
remove_Rodentia_all_branches	447	167	280	1544.52332844927	2941.31164050059	53	7	34	10	25	1	28	10	0.0343147941010467	0.00237989062553353	14.4186433329699	13.5843570520685	6.19977934292459e-18	6.53257084799378	37.5928066428885	48.7992070322883	1.07396199817786e-10	0.0220132641402941	0.00339984375076218	6.47478700612612	6.25714710676054	7.7088744762163e-09	3.12771484606912	14.6936705356281	5.41688477274533	2.39071794366711e-06
remove_Rodentia_stable_branches	407	160	247	1395.79815894127	2410.23761904349	52	0	34	6	24	0	28	6	0.0372546701447455	0	Inf	181.311995848688	2.21915298617219e-23	23.488248589569	Inf	Inf	6.02795410359669e-11	0.0243588227869489	0.00248938111022477	9.78509183945302	9.16522176817546	4.22685180883256e-10	4.0609364591376	28.5133701538919	8.47600056215056	1.21647267782379e-07
remove_Scandentia_all_branches	587	229	358	2167.94419997928	3797.3298831833	53	7	39	16	25	1	33	16	0.0244471236854281	0.00184340055126628	13.2619704755078	12.4946111775539	8.88912505030854e-17	6.00852380592255	34.5770874746209	43.5508694402802	4.39729785631527e-10	0.0179893929005981	0.00421348697432292	4.26947870261041	4.19317877241613	2.87825228695009e-07	2.33152417667858	8.18366806033744	3.59083313466296	4.52379352736688e-05
remove_Scandentia_stable_branches	531	213	318	1891.33179831665	3236.1650132167	52	0	39	12	24	0	33	12	0.0274938538263259	0	Inf	179.660346582331	2.99806410511863e-23	23.2742839902087	Inf	Inf	1.32836217472945e-10	0.0206203903697444	0.00370809274279626	5.56091548945311	5.40692090666826	1.178156321132e-08	2.85259722743896	11.6661387691948	4.66103501597166	3.96183342709946e-06
remove_Sirenia_all_branches	585	226	359	2109.76026117388	3876.2995039087	51	7	38	17	23	1	32	17	0.0241733626983871	0.00180584601188363	13.3861705479375	12.6162470131542	1.2341024020252e-16	6.04871921125188	34.9630441350837	40.3770105520327	2.4138100059205e-09	0.0180115251478178	0.00438562602886023	4.10694505853678	4.04209855761251	5.34657038046664e-07	2.26265027393708	7.75971546298681	3.31122242863264	9.65455436338424e-05
remove_Sirenia_stable_branches	528	210	318	1833.14785951125	3236.1650132167	50	0	38	12	22	0	32	12	0.027275486666597	0	Inf	178.301310851178	8.17372438997521e-23	23.0562998152953	Inf	Inf	7.73746127432605e-10	0.0207293698666137	0.00370809274279626	5.59030512569699	5.43730730120423	1.62252729901213e-08	2.85974476841824	11.7509152441152	4.57059384729864	6.80579974745774e-06
remove_Tubulidentata_all_branches	587	229	358	2167.94419997928	3794.9017845987	53	7	39	17	25	1	33	17	0.0244471236854281	0.00184458001743522	13.2534904717338	12.4866218406649	9.06869471031126e-17	6.00468181994885	34.5549781031047	43.5508694402802	4.39729785631527e-10	0.0179893929005981	0.00447969432805695	4.01576348366628	3.95104055572441	4.90370834304013e-07	2.21913200770014	7.57048065777537	3.36991781016569	6.31565299564034e-05
remove_Tubulidentata_stable_branches	530	213	317	1891.33179831665	3154.7672939067	52	0	39	12	24	0	33	12	0.0274938538263259	0	Inf	175.141435339388	6.89003421534392e-23	22.6888769953123	Inf	Inf	1.39124322442078e-10	0.0206203903697444	0.00380376708709308	5.42104442717152	5.27092319688062	1.76744579622704e-08	2.78084720620233	11.3727059296801	4.6458181258229	4.02162694652077e-06
