branch_id	parent_node	child_node	branch_length	parent_CN	child_CN	delta_CN	gain_count	loss_count	gain_event	loss_event	starting_CN	ending_CN	parent_diet	child_diet	diet_state	child_label	parent_label	diet_transition
branch_1	296	297	13.16096977	2	1	-1	0	1	0	1	2	1	Insectivore	Insectivore	Insectivore	Node297	Node296	0
branch_2	297	298	35.23705264	1	1	0	0	0	0	0	1	1	Insectivore	Plant_dominant	Plant_dominant	Node298	Node297	1
branch_3	298	299	3.203003854	1	1	0	0	0	0	0	1	1	Plant_dominant	Plant_dominant	Plant_dominant	Node299	Node298	0
branch_4	299	1	45.096088507	1	1	0	0	0	0	0	1	1	Plant_dominant	Plant_dominant	Plant_dominant	Loxodonta_africana	Node299	0
branch_5	299	2	45.096084264	1	1	0	0	0	0	0	1	1	Plant_dominant	Plant_dominant	Plant_dominant	Heterohyrax_brucei	Node299	0
branch_6	298	300	38.414240153	1	2	1	1	0	1	0	1	2	Plant_dominant	Plant_dominant	Plant_dominant	Node300	Node298	0
branch_7	300	3	9.884847961	2	1	-1	0	1	0	1	2	1	Plant_dominant	Plant_dominant	Plant_dominant	Dugong_dugon	Node300	0
branch_8	300	4	9.8848506914	2	3	1	1	0	1	0	2	3	Plant_dominant	Plant_dominant	Plant_dominant	Trichechus_inunguis	Node300	0
branch_9	297	301	2.138436917	1	1	0	0	0	0	0	1	1	Insectivore	Insectivore	Insectivore	Node301	Node297	0
branch_10	301	5	81.39771931	1	1	0	0	0	0	0	1	1	Insectivore	Insectivore	Insectivore	Orycteropus_afer	Node301	0
branch_11	301	302	3.704861019	1	1	0	0	0	0	0	1	1	Insectivore	Insectivore	Insectivore	Node302	Node301	0
branch_12	302	303	5.60737714	1	1	0	0	0	0	0	1	1	Insectivore	Insectivore	Insectivore	Node303	Node302	0
branch_13	303	6	72.085462954	1	1	0	0	0	0	0	1	1	Insectivore	Insectivore	Insectivore	Tenrec_ecaudatus	Node303	0
branch_14	303	7	72.0854672019	1	1	0	0	0	0	0	1	1	Insectivore	Insectivore	Insectivore	Amblysomus_hottentotus	Node303	0
branch_15	302	8	77.692844643	1	1	0	0	0	0	0	1	1	Insectivore	Insectivore	Insectivore	Rhynchocyon_petersi	Node302	0
branch_16	296	304	5.430646	2	2	0	0	0	0	0	2	2	Insectivore	Insectivore	Insectivore	Node304	Node296	0
branch_17	304	305	3.654855	2	2	0	0	0	0	0	2	2	Insectivore	Insectivore	Insectivore	Node305	Node304	0
branch_18	305	306	4.089459	2	2	0	0	0	0	0	2	2	Insectivore	Insectivore	Insectivore	Node306	Node305	0
branch_19	306	307	7.087442	2	2	0	0	0	0	0	2	2	Insectivore	Insectivore	Insectivore	Node307	Node306	0
branch_20	307	308	6.643074	2	1	-1	0	1	0	1	2	1	Insectivore	Insectivore	Insectivore	Node308	Node307	0
branch_21	308	309	5.242817454	1	1	0	0	0	0	0	1	1	Insectivore	Insectivore	Insectivore	Node309	Node308	0
branch_22	309	310	10.78481652	1	1	0	0	0	0	0	1	1	Insectivore	Insectivore	Insectivore	Node310	Node309	0
branch_23	310	311	2.394738345	1	1	0	0	0	0	0	1	1	Insectivore	Insectivore	Insectivore	Node311	Node310	0
branch_24	311	9	51.3692510075	1	1	0	0	0	0	0	1	1	Insectivore	Insectivore	Insectivore	Rhinopoma_microphyllum	Node311	0
branch_25	311	312	35.65227079	1	1	0	0	0	0	0	1	1	Insectivore	Omnivore	Omnivore	Node312	Node311	1
branch_26	312	10	15.71698005	1	1	0	0	0	0	0	1	1	Omnivore	Omnivore	Omnivore	Megaderma_spasma	Node312	0
branch_27	312	11	15.71698005	1	1	0	0	0	0	0	1	1	Omnivore	Carnivore	Carnivore	Macroderma_gigas	Node312	1
branch_28	310	313	19.04810428	1	1	0	0	0	0	0	1	1	Insectivore	Insectivore	Insectivore	Node313	Node310	0
branch_29	313	314	19.0087355023	1	1	0	0	0	0	0	1	1	Insectivore	Insectivore	Insectivore	Node314	Node313	0
branch_30	314	12	15.70714285	1	1	0	0	0	0	0	1	1	Insectivore	Insectivore	Insectivore	Rhinolophus_hipposideros	Node314	0
branch_31	314	315	0.7449736438	1	1	0	0	0	0	0	1	1	Insectivore	Insectivore	Insectivore	Node315	Node314	0
branch_32	315	316	0.7767706701	1	1	0	0	0	0	0	1	1	Insectivore	Insectivore	Insectivore	Node316	Node315	0
branch_33	316	317	4.150723437	1	1	0	0	0	0	0	1	1	Insectivore	Insectivore	Insectivore	Node317	Node316	0
branch_34	317	318	0.655535226	1	1	0	0	0	0	0	1	1	Insectivore	Insectivore	Insectivore	Node318	Node317	0
branch_35	318	13	9.379140711	1	1	0	0	0	0	0	1	1	Insectivore	Insectivore	Insectivore	Rhinolophus_sinicus	Node318	0
branch_36	318	14	9.3791409619	1	1	0	0	0	0	0	1	1	Insectivore	Insectivore	Insectivore	Rhinolophus_rex	Node318	0
branch_37	317	15	10.034676357	1	1	0	0	0	0	0	1	1	Insectivore	Insectivore	Insectivore	Rhinolophus_affinis	Node317	0
branch_38	316	16	14.1853989552	1	1	0	0	0	0	0	1	1	Insectivore	Insectivore	Insectivore	Rhinolophus_trifoliatus	Node316	0
branch_39	315	319	10.518724437	1	1	0	0	0	0	0	1	1	Insectivore	Insectivore	Insectivore	Node319	Node315	0
branch_40	319	17	4.44344376214	1	1	0	0	0	0	0	1	1	Insectivore	Insectivore	Insectivore	Rhinolophus_clivosus	Node319	0
branch_41	319	18	4.443444181	1	1	0	0	0	0	0	1	1	Insectivore	Insectivore	Insectivore	Rhinolophus_ferrumequinum	Node319	0
branch_42	313	320	9.8747532315	1	1	0	0	0	0	0	1	1	Insectivore	Insectivore	Insectivore	Node320	Node313	0
branch_43	320	19	24.84112999	1	1	0	0	0	0	0	1	1	Insectivore	Insectivore	Insectivore	Aselliscus_stoliczkanus	Node320	0
branch_44	320	20	24.84112860569	1	1	0	0	0	0	0	1	1	Insectivore	Insectivore	Insectivore	Hipposideros_larvatus	Node320	0
branch_45	309	321	34.23648048	1	1	0	0	0	0	0	1	1	Insectivore	Plant_dominant	Plant_dominant	Node321	Node309	1
branch_46	321	322	3.70619012	1	1	0	0	0	0	0	1	1	Plant_dominant	Plant_dominant	Plant_dominant	Node322	Node321	0
branch_47	322	323	24.7747870586	1	1	0	0	0	0	0	1	1	Plant_dominant	Plant_dominant	Plant_dominant	Node323	Node322	0
branch_48	323	21	1.8313418381	1	1	0	0	0	0	0	1	1	Plant_dominant	Plant_dominant	Plant_dominant	Pteropus_alecto	Node323	0
branch_49	323	22	1.83134157803	1	1	0	0	0	0	0	1	1	Plant_dominant	Plant_dominant	Plant_dominant	Pteropus_pselaphon	Node323	0
branch_50	322	324	24.418142453	1	1	0	0	0	0	0	1	1	Plant_dominant	Omnivore	Omnivore	Node324	Node322	1
branch_51	324	23	2.1879856459	1	1	0	0	0	0	0	1	1	Omnivore	Omnivore	Omnivore	Rousettus_leschenaultii	Node324	0
branch_52	324	24	2.1879855209	1	1	0	0	0	0	0	1	1	Omnivore	Omnivore	Omnivore	Rousettus_aegyptiacus	Node324	0
branch_53	321	25	30.312321871	1	1	0	0	0	0	0	1	1	Plant_dominant	Plant_dominant	Plant_dominant	Cynopterus_sphinx	Node321	0
branch_54	308	325	9.446735	1	1	0	0	0	0	0	1	1	Insectivore	Insectivore	Insectivore	Node325	Node308	0
branch_55	325	326	5.761645	1	1	0	0	0	0	0	1	1	Insectivore	Insectivore	Insectivore	Node326	Node325	0
branch_56	326	327	9.717307437	1	1	0	0	0	0	0	1	1	Insectivore	Insectivore	Insectivore	Node327	Node326	0
branch_57	327	328	2.87879957	1	1	0	0	0	0	0	1	1	Insectivore	Insectivore	Insectivore	Node328	Node327	0
branch_58	328	26	41.98716433056	1	1	0	0	0	0	0	1	1	Insectivore	Insectivore	Insectivore	Miniopterus_schreibersii	Node328	0
branch_59	328	329	14.056988844	1	1	0	0	0	0	0	1	1	Insectivore	Insectivore	Insectivore	Node329	Node328	0
branch_60	329	330	13.795168721	1	1	0	0	0	0	0	1	1	Insectivore	Insectivore	Insectivore	Node330	Node329	0
branch_61	330	331	1.798687594	1	1	0	0	0	0	0	1	1	Insectivore	Insectivore	Insectivore	Node331	Node330	0
branch_62	331	332	7.5427260977	1	1	0	0	0	0	0	1	1	Insectivore	Insectivore	Insectivore	Node332	Node331	0
branch_63	332	27	4.7935936381	1	1	0	0	0	0	0	1	1	Insectivore	Insectivore	Insectivore	Myotis_nesopolus	Node332	0
branch_64	332	28	4.7935938379	1	1	0	0	0	0	0	1	1	Insectivore	Insectivore	Insectivore	Myotis_yumanensis	Node332	0
branch_65	331	29	12.336321737	1	1	0	0	0	0	0	1	1	Insectivore	Insectivore	Insectivore	Myotis_mystacinus	Node331	0
branch_66	330	333	2.402624878	1	1	0	0	0	0	0	1	1	Insectivore	Insectivore	Insectivore	Node333	Node330	0
branch_67	333	30	11.7323834515	1	1	0	0	0	0	0	1	1	Insectivore	Insectivore	Insectivore	Myotis_emarginatus	Node333	0
branch_68	333	334	2.7222996857	1	1	0	0	0	0	0	1	1	Insectivore	Insectivore	Insectivore	Node334	Node333	0
branch_69	334	31	9.0100828321	1	1	0	0	0	0	0	1	1	Insectivore	Insectivore	Insectivore	Myotis_nattereri	Node334	0
branch_70	334	32	9.01008419844	1	1	0	0	0	0	0	1	1	Insectivore	Insectivore	Insectivore	Myotis_daubentonii	Node334	0
branch_71	329	335	4.4430700033	1	1	0	0	0	0	0	1	1	Insectivore	Insectivore	Insectivore	Node335	Node329	0
branch_72	335	336	0.7739525982	1	1	0	0	0	0	0	1	1	Insectivore	Insectivore	Insectivore	Node336	Node335	0
branch_73	336	337	4.652700785	1	1	0	0	0	0	0	1	1	Insectivore	Insectivore	Insectivore	Node337	Node336	0
branch_74	337	33	18.0604534961	1	1	0	0	0	0	0	1	1	Insectivore	Insectivore	Insectivore	Plecotus_auritus	Node337	0
branch_75	337	34	18.0604503318	1	1	0	0	0	0	0	1	1	Insectivore	Insectivore	Insectivore	Corynorhinus_townsendii	Node337	0
branch_76	336	35	22.7131481154	1	1	0	0	0	0	0	1	1	Insectivore	Insectivore	Insectivore	Antrozous_pallidus	Node336	0
branch_77	335	338	1.3145048	1	1	0	0	0	0	0	1	1	Insectivore	Insectivore	Insectivore	Node338	Node335	0
branch_78	338	339	3.1891180132	1	1	0	0	0	0	0	1	1	Insectivore	Insectivore	Insectivore	Node339	Node338	0
branch_79	339	36	18.9834802347	1	1	0	0	0	0	0	1	1	Insectivore	Insectivore	Insectivore	Vespertilio_murinus	Node339	0
branch_80	339	340	5.810465212	1	1	0	0	0	0	0	1	1	Insectivore	Insectivore	Insectivore	Node340	Node339	0
branch_81	340	341	0.3892760198	1	1	0	0	0	0	0	1	1	Insectivore	Insectivore	Insectivore	Node341	Node340	0
branch_82	341	342	1.004009007	1	1	0	0	0	0	0	1	1	Insectivore	Insectivore	Insectivore	Node342	Node341	0
branch_83	342	343	5.4809415927	1	1	0	0	0	0	0	1	1	Insectivore	Insectivore	Insectivore	Node343	Node342	0
branch_84	343	37	6.298790736	1	1	0	0	0	0	0	1	1	Insectivore	Insectivore	Insectivore	Nyctalus_aviator	Node343	0
branch_85	343	38	6.2987913364	1	1	0	0	0	0	0	1	1	Insectivore	Insectivore	Insectivore	Nyctalus_leisleri	Node343	0
branch_86	342	39	11.7797326618	1	1	0	0	0	0	0	1	1	Insectivore	Insectivore	Insectivore	Pipistrellus_abramus	Node342	0
branch_87	341	344	9.222789976	1	1	0	0	0	0	0	1	1	Insectivore	Insectivore	Insectivore	Node344	Node341	0
branch_88	344	40	3.560951692	1	1	0	0	0	0	0	1	1	Insectivore	Insectivore	Insectivore	Pipistrellus_pipistrellus	Node344	0
branch_89	344	41	3.560950359	1	1	0	0	0	0	0	1	1	Insectivore	Insectivore	Insectivore	Pipistrellus_pygmaeus	Node344	0
branch_90	340	42	13.1730180264	1	1	0	0	0	0	0	1	1	Insectivore	Insectivore	Insectivore	Pipistrellus_nathusii	Node340	0
branch_91	338	345	2.5927054504	1	1	0	0	0	0	0	1	1	Insectivore	Insectivore	Insectivore	Node345	Node338	0
branch_92	345	43	19.579895795	1	1	0	0	0	0	0	1	1	Insectivore	Insectivore	Insectivore	Ia_io	Node345	0
branch_93	345	44	19.579895462	1	1	0	0	0	0	0	1	1	Insectivore	Insectivore	Insectivore	Eptesicus_fuscus	Node345	0
branch_94	327	346	29.08104531654	1	1	0	0	0	0	0	1	1	Insectivore	Insectivore	Insectivore	Node346	Node327	0
branch_95	346	347	1.7027463877	1	1	0	0	0	0	0	1	1	Insectivore	Insectivore	Insectivore	Node347	Node346	0
branch_96	347	348	0.4459977959	1	1	0	0	0	0	0	1	1	Insectivore	Insectivore	Insectivore	Node348	Node347	0
branch_97	348	45	13.636178465	1	1	0	0	0	0	0	1	1	Insectivore	Insectivore	Insectivore	Tadarida_brasiliensis	Node348	0
branch_98	348	46	13.63617643056	1	1	0	0	0	0	0	1	1	Insectivore	Insectivore	Insectivore	Molossus_molossus	Node348	0
branch_99	347	47	14.08217526	1	1	0	0	0	0	0	1	1	Insectivore	Insectivore	Insectivore	Tadarida_teniotis	Node347	0
branch_100	346	48	15.78492038114	1	1	0	0	0	0	0	1	1	Insectivore	Insectivore	Insectivore	Mops_condylurus	Node346	0
branch_101	326	349	31.612794197	1	1	0	0	0	0	0	1	1	Insectivore	Insectivore	Insectivore	Node349	Node326	0
branch_102	349	350	14.698568662	1	1	0	0	0	0	0	1	1	Insectivore	Insectivore	Insectivore	Node350	Node349	0
branch_103	350	49	8.271906763	1	1	0	0	0	0	0	1	1	Insectivore	Insectivore	Insectivore	Saccopteryx_bilineata	Node350	0
branch_104	350	50	8.271906763	1	1	0	0	0	0	0	1	1	Insectivore	Insectivore	Insectivore	Saccopteryx_leptura	Node350	0
branch_105	349	51	22.970477552	1	1	0	0	0	0	0	1	1	Insectivore	Insectivore	Insectivore	Rhynchonycteris_naso	Node349	0
branch_106	325	351	27.694066749	1	1	0	0	0	0	0	1	1	Insectivore	Omnivore	Omnivore	Node351	Node325	1
branch_107	351	352	2.427344998	1	1	0	0	0	0	0	1	1	Omnivore	Omnivore	Omnivore	Node352	Node351	0
branch_108	352	353	0.7870783591	1	1	0	0	0	0	0	1	1	Omnivore	Omnivore	Omnivore	Node353	Node352	0
branch_109	353	354	4.1078673852	1	1	0	0	0	0	0	1	1	Omnivore	Omnivore	Omnivore	Node354	Node353	0
branch_110	354	355	0.4114258156	1	1	0	0	0	0	0	1	1	Omnivore	Omnivore	Omnivore	Node355	Node354	0
branch_111	355	356	10.4904544911	1	1	0	0	0	0	0	1	1	Omnivore	Omnivore	Omnivore	Node356	Node355	0
branch_112	356	52	14.426662325	1	1	0	0	0	0	0	1	1	Omnivore	Omnivore	Omnivore	Phyllostomus_hastatus	Node356	0
branch_113	356	53	14.426662324	1	1	0	0	0	0	0	1	1	Omnivore	Omnivore	Omnivore	Phyllostomus_discolor	Node356	0
branch_114	355	357	9.718859448	1	1	0	0	0	0	0	1	1	Omnivore	Plant_dominant	Plant_dominant	Node357	Node355	1
branch_115	357	358	11.7208639564	1	1	0	0	0	0	0	1	1	Plant_dominant	Plant_dominant	Plant_dominant	Node358	Node357	0
branch_116	358	54	3.477393811	1	1	0	0	0	0	0	1	1	Plant_dominant	Plant_dominant	Plant_dominant	Artibeus_jamaicensis	Node358	0
branch_117	358	55	3.4773938112	1	1	0	0	0	0	0	1	1	Plant_dominant	Plant_dominant	Plant_dominant	Artibeus_lituratus	Node358	0
branch_118	357	56	15.1982582024	1	1	0	0	0	0	0	1	1	Plant_dominant	Plant_dominant	Plant_dominant	Platyrrhinus_helleri	Node357	0
branch_119	354	57	25.328540093	1	1	0	0	0	0	0	1	1	Omnivore	Omnivore	Omnivore	Anoura_caudifer	Node354	0
branch_120	353	58	29.4364124846	1	1	0	0	0	0	0	1	1	Omnivore	Insectivore	Insectivore	Micronycteris_microtis	Node353	1
branch_121	352	59	30.223490118	1	1	0	0	0	0	0	1	1	Omnivore	Carnivore	Carnivore	Desmodus_rotundus	Node352	1
branch_122	351	60	32.650833303	1	1	0	0	0	0	0	1	1	Omnivore	Omnivore	Omnivore	Macrotus_californicus	Node351	0
branch_123	307	359	3.496796	2	2	0	0	0	0	0	2	2	Insectivore	Insectivore	Insectivore	Node359	Node307	0
branch_124	359	360	8.545587	2	3	1	1	0	1	0	2	3	Insectivore	Plant_dominant	Plant_dominant	Node360	Node359	1
branch_125	360	361	0.3328322806	3	3	0	0	0	0	0	3	3	Plant_dominant	Plant_dominant	Plant_dominant	Node361	Node360	0
branch_126	361	362	7.184436081	3	2	-1	0	1	0	1	3	2	Plant_dominant	Plant_dominant	Plant_dominant	Node362	Node361	0
branch_127	362	363	8.587662181	2	2	0	0	0	0	0	2	2	Plant_dominant	Plant_dominant	Plant_dominant	Node363	Node362	0
branch_128	363	364	28.868253864	2	1	-1	0	1	0	1	2	1	Plant_dominant	Insectivore	Insectivore	Node364	Node363	1
branch_129	364	365	1.140832743	1	1	0	0	0	0	0	1	1	Insectivore	Insectivore	Insectivore	Node365	Node364	0
branch_130	365	366	2.4058116444	1	1	0	0	0	0	0	1	1	Insectivore	Insectivore	Insectivore	Node366	Node365	0
branch_131	366	367	3.276626456	1	1	0	0	0	0	0	1	1	Insectivore	Carnivore	Carnivore	Node367	Node366	1
branch_132	367	368	2.686724774	1	1	0	0	0	0	0	1	1	Carnivore	Carnivore	Carnivore	Node368	Node367	0
branch_133	368	369	1.789911617	1	1	0	0	0	0	0	1	1	Carnivore	Carnivore	Carnivore	Node369	Node368	0
branch_134	369	370	4.509483669	1	1	0	0	0	0	0	1	1	Carnivore	Omnivore	Omnivore	Node370	Node369	1
branch_135	370	61	3.609767989	1	1	0	0	0	0	0	1	1	Omnivore	Omnivore	Omnivore	Monodon_monoceros	Node370	0
branch_136	370	62	3.609767989	1	1	0	0	0	0	0	1	1	Omnivore	Omnivore	Omnivore	Delphinapterus_leucas	Node370	0
branch_137	369	371	3.9681331825	1	1	0	0	0	0	0	1	1	Carnivore	Carnivore	Carnivore	Node371	Node369	0
branch_138	371	63	4.151118975	1	1	0	0	0	0	0	1	1	Carnivore	Carnivore	Carnivore	Phocoena_phocoena	Node371	0
branch_139	371	64	4.151119391	1	1	0	0	0	0	0	1	1	Carnivore	Carnivore	Carnivore	Phocoena_sinus	Node371	0
branch_140	368	372	4.276413662	1	1	0	0	0	0	0	1	1	Carnivore	Carnivore	Carnivore	Node372	Node368	0
branch_141	372	65	5.632751069	1	1	0	0	0	0	0	1	1	Carnivore	Carnivore	Carnivore	Orcinus_orca	Node372	0
branch_142	372	373	1.051900108	1	1	0	0	0	0	0	1	1	Carnivore	Carnivore	Carnivore	Node373	Node372	0
branch_143	373	374	2.3004030713	1	1	0	0	0	0	0	1	1	Carnivore	Omnivore	Omnivore	Node374	Node373	1
branch_144	374	66	2.280446808	1	1	0	0	0	0	0	1	1	Omnivore	Omnivore	Omnivore	Grampus_griseus	Node374	0
branch_145	374	375	0.3624744527	1	1	0	0	0	0	0	1	1	Omnivore	Omnivore	Omnivore	Node375	Node374	0
branch_146	375	67	1.917972563	1	1	0	0	0	0	0	1	1	Omnivore	Omnivore	Omnivore	Pseudorca_crassidens	Node375	0
branch_147	375	68	1.9179721474	1	1	0	0	0	0	0	1	1	Omnivore	Omnivore	Omnivore	Peponocephala_electra	Node375	0
branch_148	373	376	2.1746311072	1	1	0	0	0	0	0	1	1	Carnivore	Carnivore	Carnivore	Node376	Node373	0
branch_149	376	69	2.406218939	1	1	0	0	0	0	0	1	1	Carnivore	Carnivore	Carnivore	Tursiops_truncatus	Node376	0
branch_150	376	70	2.4062188553	1	1	0	0	0	0	0	1	1	Carnivore	Insectivore	Insectivore	Delphinus_delphis	Node376	1
branch_151	367	71	12.5958901296	1	1	0	0	0	0	0	1	1	Carnivore	Carnivore	Carnivore	Inia_geoffrensis	Node367	0
branch_152	366	72	15.8725151295	1	1	0	0	0	0	0	1	1	Insectivore	Insectivore	Insectivore	Mesoplodon_densirostris	Node366	0
branch_153	365	377	12.005033977	1	1	0	0	0	0	0	1	1	Insectivore	Insectivore	Insectivore	Node377	Node365	0
branch_154	377	73	6.273290883	1	1	0	0	0	0	0	1	1	Insectivore	Insectivore	Insectivore	Kogia_sima	Node377	0
branch_155	377	74	6.273290883	1	1	0	0	0	0	0	1	1	Insectivore	Insectivore	Insectivore	Kogia_breviceps	Node377	0
branch_156	364	378	6.709930092	1	1	0	0	0	0	0	1	1	Insectivore	Insectivore	Insectivore	Node378	Node364	0
branch_157	378	379	8.6357841556	1	1	0	0	0	0	0	1	1	Insectivore	Insectivore	Insectivore	Node379	Node378	0
branch_158	379	75	4.073444853	1	1	0	0	0	0	0	1	1	Insectivore	Insectivore	Insectivore	Eubalaena_glacialis	Node379	0
branch_159	379	380	1.6084683305	1	1	0	0	0	0	0	1	1	Insectivore	Insectivore	Insectivore	Node380	Node379	0
branch_160	380	76	2.46497673	1	1	0	0	0	0	0	1	1	Insectivore	Omnivore	Omnivore	Balaenoptera_physalus	Node380	1
branch_161	380	381	0.3307731221	1	1	0	0	0	0	0	1	1	Insectivore	Insectivore	Insectivore	Node381	Node380	0
branch_162	381	77	2.134203483	1	1	0	0	0	0	0	1	1	Insectivore	Insectivore	Insectivore	Balaenoptera_musculus	Node381	0
branch_163	381	78	2.1342031506	1	1	0	0	0	0	0	1	1	Insectivore	Omnivore	Omnivore	Balaenoptera_edeni	Node381	1
branch_164	378	382	7.4853137536	1	1	0	0	0	0	0	1	1	Insectivore	Insectivore	Insectivore	Node382	Node378	0
branch_165	382	79	5.22391384	1	1	0	0	0	0	0	1	1	Insectivore	Insectivore	Insectivore	Eschrichtius_robustus	Node382	0
branch_166	382	80	5.22391384	1	1	0	0	0	0	0	1	1	Insectivore	Insectivore	Insectivore	Megaptera_novaeangliae	Node382	0
branch_167	363	383	28.6091079512	2	1	-1	0	1	0	1	2	1	Plant_dominant	Plant_dominant	Plant_dominant	Node383	Node363	0
branch_168	383	384	9.883316837	1	1	0	0	0	0	0	1	1	Plant_dominant	Plant_dominant	Plant_dominant	Node384	Node383	0
branch_169	384	385	0.5609925319	1	1	0	0	0	0	0	1	1	Plant_dominant	Plant_dominant	Plant_dominant	Node385	Node384	0
branch_170	385	386	2.61176095	1	1	0	0	0	0	0	1	1	Plant_dominant	Plant_dominant	Plant_dominant	Node386	Node385	0
branch_171	386	387	1.039593509	1	1	0	0	0	0	0	1	1	Plant_dominant	Plant_dominant	Plant_dominant	Node387	Node386	0
branch_172	387	81	5.58263927	1	1	0	0	0	0	0	1	1	Plant_dominant	Plant_dominant	Plant_dominant	Dama_dama	Node387	0
branch_173	387	388	3.9975276387	1	1	0	0	0	0	0	1	1	Plant_dominant	Plant_dominant	Plant_dominant	Node388	Node387	0
branch_174	388	82	1.58511188	1	1	0	0	0	0	0	1	1	Plant_dominant	Plant_dominant	Plant_dominant	Cervus_nippon	Node388	0
branch_175	388	83	1.58511188	1	1	0	0	0	0	0	1	1	Plant_dominant	Plant_dominant	Plant_dominant	Cervus_elaphus	Node388	0
branch_176	386	84	6.6222327777	1	1	0	0	0	0	0	1	1	Plant_dominant	Plant_dominant	Plant_dominant	Axis_porcinus	Node386	0
branch_177	385	389	6.4943431703	1	1	0	0	0	0	0	1	1	Plant_dominant	Plant_dominant	Plant_dominant	Node389	Node385	0
branch_178	389	85	2.7396507238	1	1	0	0	0	0	0	1	1	Plant_dominant	Plant_dominant	Plant_dominant	Muntiacus_gongshanensis	Node389	0
branch_179	389	86	2.739650475	1	1	0	0	0	0	0	1	1	Plant_dominant	Plant_dominant	Plant_dominant	Muntiacus_crinifrons	Node389	0
branch_180	384	87	9.794986259	1	1	0	0	0	0	0	1	1	Plant_dominant	Plant_dominant	Plant_dominant	Capreolus_capreolus	Node384	0
branch_181	383	390	0.5018927286	1	1	0	0	0	0	0	1	1	Plant_dominant	Plant_dominant	Plant_dominant	Node390	Node383	0
branch_182	390	391	1.917511139	1	1	0	0	0	0	0	1	1	Plant_dominant	Plant_dominant	Plant_dominant	Node391	Node390	0
branch_183	391	392	14.8752793643	1	1	0	0	0	0	0	1	1	Plant_dominant	Plant_dominant	Plant_dominant	Node392	Node391	0
branch_184	392	393	1.194244416	1	1	0	0	0	0	0	1	1	Plant_dominant	Plant_dominant	Plant_dominant	Node393	Node392	0
branch_185	393	88	1.1893748251	1	1	0	0	0	0	0	1	1	Plant_dominant	Plant_dominant	Plant_dominant	Bos_taurus	Node393	0
branch_186	393	89	1.1893747835	1	1	0	0	0	0	0	1	1	Plant_dominant	Plant_dominant	Plant_dominant	Bos_javanicus	Node393	0
branch_187	392	90	2.383619116	1	1	0	0	0	0	0	1	1	Plant_dominant	Plant_dominant	Plant_dominant	Bison_bonasus	Node392	0
branch_188	391	394	7.8328542326	1	1	0	0	0	0	0	1	1	Plant_dominant	Plant_dominant	Plant_dominant	Node394	Node391	0
branch_189	394	91	9.42604458	1	1	0	0	0	0	0	1	1	Plant_dominant	Plant_dominant	Plant_dominant	Pantholops_hodgsonii	Node394	0
branch_190	394	395	0.997600536	1	1	0	0	0	0	0	1	1	Plant_dominant	Plant_dominant	Plant_dominant	Node395	Node394	0
branch_191	395	396	0.4546572393	1	1	0	0	0	0	0	1	1	Plant_dominant	Plant_dominant	Plant_dominant	Node396	Node395	0
branch_192	396	397	0.394887018	1	1	0	0	0	0	0	1	1	Plant_dominant	Plant_dominant	Plant_dominant	Node397	Node396	0
branch_193	397	398	0.9762826333	1	1	0	0	0	0	0	1	1	Plant_dominant	Plant_dominant	Plant_dominant	Node398	Node397	0
branch_194	398	399	3.427757803	1	1	0	0	0	0	0	1	1	Plant_dominant	Plant_dominant	Plant_dominant	Node399	Node398	0
branch_195	399	400	0.6628987303	1	1	0	0	0	0	0	1	1	Plant_dominant	Plant_dominant	Plant_dominant	Node400	Node399	0
branch_196	400	92	2.5119625758	1	1	0	0	0	0	0	1	1	Plant_dominant	Plant_dominant	Plant_dominant	Capra_nubiana	Node400	0
branch_197	400	93	2.5119629918	1	1	0	0	0	0	0	1	1	Plant_dominant	Plant_dominant	Plant_dominant	Capra_hircus	Node400	0
branch_198	399	94	3.174861306	1	1	0	0	0	0	0	1	1	Plant_dominant	Plant_dominant	Plant_dominant	Capra_ibex	Node399	0
branch_199	398	95	6.6026206905	1	1	0	0	0	0	0	1	1	Plant_dominant	Plant_dominant	Plant_dominant	Budorcas_taxicolor	Node398	0
branch_200	397	401	4.422687984	1	1	0	0	0	0	0	1	1	Plant_dominant	Plant_dominant	Plant_dominant	Node401	Node397	0
branch_201	401	96	3.1562133421	1	1	0	0	0	0	0	1	1	Plant_dominant	Plant_dominant	Plant_dominant	Ovis_canadensis	Node401	0
branch_202	401	97	3.1562130092	1	1	0	0	0	0	0	1	1	Plant_dominant	Plant_dominant	Plant_dominant	Ovis_aries	Node401	0
branch_203	396	98	7.97378705414	1	1	0	0	0	0	0	1	1	Plant_dominant	Plant_dominant	Plant_dominant	Rupicapra_rupicapra	Node396	0
branch_204	395	99	8.4284452503	1	1	0	0	0	0	0	1	1	Plant_dominant	Plant_dominant	Plant_dominant	Capricornis_sumatraensis	Node395	0
branch_205	390	100	19.1764115755	1	1	0	0	0	0	0	1	1	Plant_dominant	Plant_dominant	Plant_dominant	Moschus_berezovskii	Node390	0
branch_206	362	402	48.75904364	2	1	-1	0	1	0	1	2	1	Plant_dominant	Plant_dominant	Plant_dominant	Node402	Node362	0
branch_207	402	101	8.1160320869	1	1	0	0	0	0	0	1	1	Plant_dominant	Plant_dominant	Plant_dominant	Sus_scrofa	Node402	0
branch_208	402	102	8.1160325035	1	1	0	0	0	0	0	1	1	Plant_dominant	Plant_dominant	Plant_dominant	Phacochoerus_africanus	Node402	0
branch_209	361	103	64.059498912	3	1	-2	0	2	0	1	3	1	Plant_dominant	Plant_dominant	Plant_dominant	Camelus_dromedarius	Node361	0
branch_210	360	403	23.27277077	3	6	3	3	0	1	0	3	6	Plant_dominant	Plant_dominant	Plant_dominant	Node403	Node360	0
branch_211	403	404	34.249222793	6	10	4	4	0	1	0	6	10	Plant_dominant	Plant_dominant	Plant_dominant	Node404	Node403	0
branch_212	404	104	6.870361716	10	10	0	0	0	0	0	10	10	Plant_dominant	Plant_dominant	Plant_dominant	Equus_kiang	Node404	0
branch_213	404	105	6.8703595985	10	10	0	0	0	0	0	10	10	Plant_dominant	Plant_dominant	Plant_dominant	Equus_caballus	Node404	0
branch_214	403	106	41.119586622	6	9	3	3	0	1	0	6	9	Plant_dominant	Plant_dominant	Plant_dominant	Tapirus_indicus	Node403	0
branch_215	359	405	2.703426	2	2	0	0	0	0	0	2	2	Insectivore	Insectivore	Insectivore	Node405	Node359	0
branch_216	405	406	21.42023367	2	1	-1	0	1	0	1	2	1	Insectivore	Carnivore	Carnivore	Node406	Node405	1
branch_217	406	407	6.24376495	1	1	0	0	0	0	0	1	1	Carnivore	Carnivore	Carnivore	Node407	Node406	0
branch_218	407	408	31.91526036	1	1	0	0	0	0	0	1	1	Carnivore	Carnivore	Carnivore	Node408	Node407	0
branch_219	408	409	0.5202401698	1	1	0	0	0	0	0	1	1	Carnivore	Carnivore	Carnivore	Node409	Node408	0
branch_220	409	410	3.318781588	1	1	0	0	0	0	0	1	1	Carnivore	Omnivore	Omnivore	Node410	Node409	1
branch_221	410	107	6.816217486	1	1	0	0	0	0	0	1	1	Omnivore	Omnivore	Omnivore	Otocyon_megalotis	Node410	0
branch_222	410	108	6.816217486	1	1	0	0	0	0	0	1	1	Omnivore	Omnivore	Omnivore	Nyctereutes_procyonoides	Node410	0
branch_223	409	411	5.1811547789	1	1	0	0	0	0	0	1	1	Carnivore	Carnivore	Carnivore	Node411	Node409	0
branch_224	411	109	4.953843573	1	1	0	0	0	0	0	1	1	Carnivore	Carnivore	Carnivore	Lycaon_pictus	Node411	0
branch_225	411	412	3.16156276182	1	1	0	0	0	0	0	1	1	Carnivore	Carnivore	Carnivore	Node412	Node411	0
branch_226	412	110	1.792281677	1	1	0	0	0	0	0	1	1	Carnivore	Carnivore	Carnivore	Canis_latrans	Node412	0
branch_227	412	413	0.5427981011	1	1	0	0	0	0	0	1	1	Carnivore	Carnivore	Carnivore	Node413	Node412	0
branch_228	413	111	1.249483576	1	1	0	0	0	0	0	1	1	Carnivore	Carnivore	Carnivore	Canis_aureus	Node413	0
branch_229	413	112	1.2494835761	1	1	0	0	0	0	0	1	1	Carnivore	Carnivore	Carnivore	Canis_lupus	Node413	0
branch_230	408	414	3.8826999104	1	1	0	0	0	0	0	1	1	Carnivore	Carnivore	Carnivore	Node414	Node408	0
branch_231	414	415	1.158263177	1	1	0	0	0	0	0	1	1	Carnivore	Carnivore	Carnivore	Node415	Node414	0
branch_232	415	416	2.5696957634	1	1	0	0	0	0	0	1	1	Carnivore	Carnivore	Carnivore	Node416	Node415	0
branch_233	416	417	1.689172288	1	1	0	0	0	0	0	1	1	Carnivore	Carnivore	Carnivore	Node417	Node416	0
branch_234	417	113	1.355408466	1	1	0	0	0	0	0	1	1	Carnivore	Carnivore	Carnivore	Vulpes_ferrilata	Node417	0
branch_235	417	114	1.355408466	1	1	0	0	0	0	0	1	1	Carnivore	Carnivore	Carnivore	Vulpes_corsac	Node417	0
branch_236	416	115	3.044580393	1	1	0	0	0	0	0	1	1	Carnivore	Carnivore	Carnivore	Vulpes_vulpes	Node416	0
branch_237	415	116	5.6142757951	1	1	0	0	0	0	0	1	1	Carnivore	Carnivore	Carnivore	Vulpes_lagopus	Node415	0
branch_238	414	117	6.7725400556	1	1	0	0	0	0	0	1	1	Carnivore	Carnivore	Carnivore	Urocyon_cinereoargenteus	Node414	0
branch_239	407	418	7.415727701	1	1	0	0	0	0	0	1	1	Carnivore	Carnivore	Carnivore	Node418	Node407	0
branch_240	418	419	2.290629168	1	1	0	0	0	0	0	1	1	Carnivore	Carnivore	Carnivore	Node419	Node418	0
branch_241	419	420	16.140681	1	1	0	0	0	0	0	1	1	Carnivore	Carnivore	Carnivore	Node420	Node419	0
branch_242	420	421	8.610441859	1	1	0	0	0	0	0	1	1	Carnivore	Carnivore	Carnivore	Node421	Node420	0
branch_243	421	422	2.604336522	1	1	0	0	0	0	0	1	1	Carnivore	Carnivore	Carnivore	Node422	Node421	0
branch_244	422	423	0.5599112883	1	1	0	0	0	0	0	1	1	Carnivore	Carnivore	Carnivore	Node423	Node422	0
branch_245	423	118	4.948772063	1	1	0	0	0	0	0	1	1	Carnivore	Omnivore	Omnivore	Mirounga_leonina	Node423	1
branch_246	423	119	4.948772352	1	1	0	0	0	0	0	1	1	Carnivore	Insectivore	Insectivore	Hydrurga_leptonyx	Node423	1
branch_247	422	120	5.5086833883	1	1	0	0	0	0	0	1	1	Carnivore	Carnivore	Carnivore	Monachus_monachus	Node422	0
branch_248	421	121	8.1130202347	1	1	0	0	0	0	0	1	1	Carnivore	Carnivore	Carnivore	Phoca_vitulina	Node421	0
branch_249	420	424	12.699218329	1	1	0	0	0	0	0	1	1	Carnivore	Carnivore	Carnivore	Node424	Node420	0
branch_250	424	425	1.522277382	1	1	0	0	0	0	0	1	1	Carnivore	Carnivore	Carnivore	Node425	Node424	0
branch_251	425	122	2.501966382	1	1	0	0	0	0	0	1	1	Carnivore	Carnivore	Carnivore	Eumetopias_jubatus	Node425	0
branch_252	425	123	2.5019660206	1	1	0	0	0	0	0	1	1	Carnivore	Omnivore	Omnivore	Zalophus_californianus	Node425	1
branch_253	424	124	4.0242439081	1	1	0	0	0	0	0	1	1	Carnivore	Insectivore	Insectivore	Arctocephalus_gazella	Node424	1
branch_254	419	426	2.77174291	1	1	0	0	0	0	0	1	1	Carnivore	Carnivore	Carnivore	Node426	Node419	0
branch_255	426	125	30.092401268	1	1	0	0	0	0	0	1	1	Carnivore	Carnivore	Carnivore	Mephitis_mephitis	Node426	0
branch_256	426	427	14.0812751425	1	1	0	0	0	0	0	1	1	Carnivore	Carnivore	Carnivore	Node427	Node426	0
branch_257	427	126	16.011124687	1	1	0	0	0	0	0	1	1	Carnivore	Carnivore	Carnivore	Meles_meles	Node427	0
branch_258	427	428	0.39640602836	1	1	0	0	0	0	0	1	1	Carnivore	Carnivore	Carnivore	Node428	Node427	0
branch_259	428	429	6.284203473	1	1	0	0	0	0	0	1	1	Carnivore	Carnivore	Carnivore	Node429	Node428	0
branch_260	429	127	9.330513232	1	1	0	0	0	0	0	1	1	Carnivore	Carnivore	Carnivore	Eira_barbara	Node429	0
branch_261	429	430	3.2674121388	1	1	0	0	0	0	0	1	1	Carnivore	Carnivore	Carnivore	Node430	Node429	0
branch_262	430	128	6.063103693	1	1	0	0	0	0	0	1	1	Carnivore	Carnivore	Carnivore	Martes_flavigula	Node430	0
branch_263	430	431	2.174648611	1	1	0	0	0	0	0	1	1	Carnivore	Carnivore	Carnivore	Node431	Node430	0
branch_264	431	129	3.88845472	1	1	0	0	0	0	0	1	1	Carnivore	Carnivore	Carnivore	Martes_foina	Node431	0
branch_265	431	130	3.8884546117	1	1	0	0	0	0	0	1	1	Carnivore	Omnivore	Omnivore	Martes_martes	Node431	1
branch_266	428	432	1.9705952402	1	1	0	0	0	0	0	1	1	Carnivore	Carnivore	Carnivore	Node432	Node428	0
branch_267	432	433	8.5658728528	1	1	0	0	0	0	0	1	1	Carnivore	Carnivore	Carnivore	Node433	Node432	0
branch_268	433	131	5.078248972	1	1	0	0	0	0	0	1	1	Carnivore	Carnivore	Carnivore	Mustela_erminea	Node433	0
branch_269	433	434	0.9820042071	1	1	0	0	0	0	0	1	1	Carnivore	Carnivore	Carnivore	Node434	Node433	0
branch_270	434	132	4.096246209	1	1	0	0	0	0	0	1	1	Carnivore	Carnivore	Carnivore	Mustela_nivalis	Node434	0
branch_271	434	133	4.09624657	1	1	0	0	0	0	0	1	1	Carnivore	Carnivore	Carnivore	Mustela_lutreola	Node434	0
branch_272	432	435	4.2969307254	1	1	0	0	0	0	0	1	1	Carnivore	Carnivore	Carnivore	Node435	Node432	0
branch_273	435	134	9.347193265	1	1	0	0	0	0	0	1	1	Carnivore	Carnivore	Carnivore	Lontra_canadensis	Node435	0
branch_274	435	135	9.3471907394	1	1	0	0	0	0	0	1	1	Carnivore	Omnivore	Omnivore	Lutra_lutra	Node435	1
branch_275	418	436	24.12687956	1	1	0	0	0	0	0	1	1	Carnivore	Plant_dominant	Plant_dominant	Node436	Node418	1
branch_276	436	136	11.02789523	1	1	0	0	0	0	0	1	1	Plant_dominant	Plant_dominant	Plant_dominant	Ailuropoda_melanoleuca	Node436	0
branch_277	436	437	7.500621527	1	1	0	0	0	0	0	1	1	Plant_dominant	Plant_dominant	Plant_dominant	Node437	Node436	0
branch_278	437	438	2.595832628	1	1	0	0	0	0	0	1	1	Plant_dominant	Plant_dominant	Plant_dominant	Node438	Node437	0
branch_279	438	137	0.9314399908	1	1	0	0	0	0	0	1	1	Plant_dominant	Carnivore	Carnivore	Ursus_maritimus	Node438	1
branch_280	438	138	0.9314399908	1	1	0	0	0	0	0	1	1	Plant_dominant	Plant_dominant	Plant_dominant	Ursus_arctos	Node438	0
branch_281	437	139	3.5272726915	1	1	0	0	0	0	0	1	1	Plant_dominant	Plant_dominant	Plant_dominant	Ursus_americanus	Node437	0
branch_282	406	439	20.685385119	1	1	0	0	0	0	0	1	1	Carnivore	Carnivore	Carnivore	Node439	Node406	0
branch_283	439	440	1.11101331	1	1	0	0	0	0	0	1	1	Carnivore	Carnivore	Carnivore	Node440	Node439	0
branch_284	440	140	27.017868291	1	1	0	0	0	0	0	1	1	Carnivore	Carnivore	Carnivore	Hyaena_hyaena	Node440	0
branch_285	440	141	27.017869367	1	1	0	0	0	0	0	1	1	Carnivore	Carnivore	Carnivore	Paguma_larvata	Node440	0
branch_286	439	441	20.566806005	1	1	0	0	0	0	0	1	1	Carnivore	Carnivore	Carnivore	Node441	Node439	0
branch_287	441	442	2.474471579	1	1	0	0	0	0	0	1	1	Carnivore	Carnivore	Carnivore	Node442	Node441	0
branch_288	442	443	0.9427225661	1	1	0	0	0	0	0	1	1	Carnivore	Carnivore	Carnivore	Node443	Node442	0
branch_289	443	142	4.144881807	1	1	0	0	0	0	0	1	1	Carnivore	Carnivore	Carnivore	Panthera_tigris	Node443	0
branch_290	443	444	1.140454056	1	1	0	0	0	0	0	1	1	Carnivore	Carnivore	Carnivore	Node444	Node443	0
branch_291	444	143	3.004429195	1	1	0	0	0	0	0	1	1	Carnivore	Carnivore	Carnivore	Panthera_onca	Node444	0
branch_292	444	445	1.5261014088	1	1	0	0	0	0	0	1	1	Carnivore	Carnivore	Carnivore	Node445	Node444	0
branch_293	445	144	1.478327786	1	1	0	0	0	0	0	1	1	Carnivore	Carnivore	Carnivore	Panthera_pardus	Node445	0
branch_294	445	145	1.478327786	1	1	0	0	0	0	0	1	1	Carnivore	Carnivore	Carnivore	Panthera_leo	Node445	0
branch_295	442	146	5.087605817	1	1	0	0	0	0	0	1	1	Carnivore	Carnivore	Carnivore	Neofelis_nebulosa	Node442	0
branch_296	441	446	1.5636230013	1	1	0	0	0	0	0	1	1	Carnivore	Carnivore	Carnivore	Node446	Node441	0
branch_297	446	447	0.4563929294	1	1	0	0	0	0	0	1	1	Carnivore	Carnivore	Carnivore	Node447	Node446	0
branch_298	447	448	2.033483406	1	1	0	0	0	0	0	1	1	Carnivore	Carnivore	Carnivore	Node448	Node447	0
branch_299	448	147	3.508578421	1	1	0	0	0	0	0	1	1	Carnivore	Carnivore	Carnivore	Lynx_rufus	Node448	0
branch_300	448	148	3.508578421	1	1	0	0	0	0	0	1	1	Carnivore	Carnivore	Carnivore	Lynx_canadensis	Node448	0
branch_301	447	449	0.7695608626	1	1	0	0	0	0	0	1	1	Carnivore	Carnivore	Carnivore	Node449	Node447	0
branch_302	449	149	4.772500098	1	1	0	0	0	0	0	1	1	Carnivore	Carnivore	Carnivore	Acinonyx_jubatus	Node449	0
branch_303	449	150	4.7725014702	1	1	0	0	0	0	0	1	1	Carnivore	Carnivore	Carnivore	Puma_concolor	Node449	0
branch_304	446	450	0.3574378102	1	1	0	0	0	0	0	1	1	Carnivore	Carnivore	Carnivore	Node450	Node446	0
branch_305	450	451	2.6538604473	1	1	0	0	0	0	0	1	1	Carnivore	Carnivore	Carnivore	Node451	Node450	0
branch_306	451	151	2.9871568964	1	1	0	0	0	0	0	1	1	Carnivore	Carnivore	Carnivore	Felis_chaus	Node451	0
branch_307	451	152	2.9871571848	1	1	0	0	0	0	0	1	1	Carnivore	Carnivore	Carnivore	Felis_catus	Node451	0
branch_308	450	452	4.8397410987	1	1	0	0	0	0	0	1	1	Carnivore	Carnivore	Carnivore	Node452	Node450	0
branch_309	452	153	0.8012761719	1	1	0	0	0	0	0	1	1	Carnivore	Carnivore	Carnivore	Prionailurus_viverrinus	Node452	0
branch_310	452	154	0.8012761719	1	1	0	0	0	0	0	1	1	Carnivore	Carnivore	Carnivore	Prionailurus_bengalensis	Node452	0
branch_311	405	453	69.337232016	2	1	-1	0	1	0	1	2	1	Insectivore	Insectivore	Insectivore	Node453	Node405	0
branch_312	453	155	0.8972631264	1	1	0	0	0	0	0	1	1	Insectivore	Insectivore	Insectivore	Manis_pentadactyla	Node453	0
branch_313	453	156	0.8972631264	1	1	0	0	0	0	0	1	1	Insectivore	Insectivore	Insectivore	Manis_javanica	Node453	0
branch_314	306	454	0.86250384553	2	2	0	0	0	0	0	2	2	Insectivore	Insectivore	Insectivore	Node454	Node306	0
branch_315	454	455	70.498445604	2	1	-1	0	1	0	1	2	1	Insectivore	Insectivore	Insectivore	Node455	Node454	0
branch_316	455	456	11.0597297262	1	1	0	0	0	0	0	1	1	Insectivore	Insectivore	Insectivore	Node456	Node455	0
branch_317	456	157	1.101467691	1	1	0	0	0	0	0	1	1	Insectivore	Insectivore	Insectivore	Talpa_europaea	Node456	0
branch_318	456	158	1.101467691	1	1	0	0	0	0	0	1	1	Insectivore	Insectivore	Insectivore	Talpa_occidentalis	Node456	0
branch_319	455	159	12.1611968125	1	1	0	0	0	0	0	1	1	Insectivore	Insectivore	Insectivore	Scaptochirus_moschatus	Node455	0
branch_320	454	457	28.849364528	2	1	-1	0	1	0	1	2	1	Insectivore	Insectivore	Insectivore	Node457	Node454	0
branch_321	457	458	29.432128989	1	1	0	0	0	0	0	1	1	Insectivore	Insectivore	Insectivore	Node458	Node457	0
branch_322	458	459	6.800138626	1	1	0	0	0	0	0	1	1	Insectivore	Insectivore	Insectivore	Node459	Node458	0
branch_323	459	460	0.5136495695	1	1	0	0	0	0	0	1	1	Insectivore	Insectivore	Insectivore	Node460	Node459	0
branch_324	460	160	17.06434476841	1	1	0	0	0	0	0	1	1	Insectivore	Insectivore	Insectivore	Suncus_murinus	Node460	0
branch_325	460	161	17.0643448023	1	1	0	0	0	0	0	1	1	Insectivore	Omnivore	Omnivore	Crocidura_zimmermanni	Node460	1
branch_326	459	162	17.5779974024	1	1	0	0	0	0	0	1	1	Insectivore	Insectivore	Insectivore	Suncus_etruscus	Node459	0
branch_327	458	163	24.378134009	1	1	0	0	0	0	0	1	1	Insectivore	Carnivore	Carnivore	Scutisorex_somereni	Node458	1
branch_328	457	461	45.5616528372	1	1	0	0	0	0	0	1	1	Insectivore	Omnivore	Omnivore	Node461	Node457	1
branch_329	461	164	8.2486083087	1	1	0	0	0	0	0	1	1	Omnivore	Omnivore	Omnivore	Sorex_ornatus	Node461	0
branch_330	461	165	8.248607635	1	1	0	0	0	0	0	1	1	Omnivore	Omnivore	Omnivore	Sorex_fumeus	Node461	0
branch_331	305	462	3.522404	2	2	0	0	0	0	0	2	2	Insectivore	Plant_dominant	Plant_dominant	Node462	Node305	1
branch_332	462	463	6.955623	2	3	1	1	0	1	0	2	3	Plant_dominant	Plant_dominant	Plant_dominant	Node463	Node462	0
branch_333	463	464	23.17947395	3	8	5	5	0	1	0	3	8	Plant_dominant	Plant_dominant	Plant_dominant	Node464	Node463	0
branch_334	464	465	39.269924338	8	13	5	5	0	1	0	8	13	Plant_dominant	Plant_dominant	Plant_dominant	Node465	Node464	0
branch_335	465	466	1.660083974	13	14	1	1	0	1	0	13	14	Plant_dominant	Plant_dominant	Plant_dominant	Node466	Node465	0
branch_336	466	166	13.02411497389	14	16	2	2	0	1	0	14	16	Plant_dominant	Plant_dominant	Plant_dominant	Oryctolagus_cuniculus	Node466	0
branch_337	466	167	13.02411362347	14	17	3	3	0	1	0	14	17	Plant_dominant	Plant_dominant	Plant_dominant	Sylvilagus_floridanus	Node466	0
branch_338	465	467	10.0646764897	13	10	-3	0	3	0	1	13	10	Plant_dominant	Plant_dominant	Plant_dominant	Node467	Node465	0
branch_339	467	468	0.3416737764	10	10	0	0	0	0	0	10	10	Plant_dominant	Plant_dominant	Plant_dominant	Node468	Node467	0
branch_340	468	469	0.3643852157	10	10	0	0	0	0	0	10	10	Plant_dominant	Plant_dominant	Plant_dominant	Node469	Node468	0
branch_341	469	168	3.9134657305	10	12	2	2	0	1	0	10	12	Plant_dominant	Plant_dominant	Plant_dominant	Lepus_yarkandensis	Node469	0
branch_342	469	169	3.9134653662	10	10	0	0	0	0	0	10	10	Plant_dominant	Plant_dominant	Plant_dominant	Lepus_europaeus	Node469	0
branch_343	468	470	1.589631171	10	9	-1	0	1	0	1	10	9	Plant_dominant	Plant_dominant	Plant_dominant	Node470	Node468	0
branch_344	470	170	2.6882196295	9	8	-1	0	1	0	1	9	8	Plant_dominant	Plant_dominant	Plant_dominant	Lepus_capensis	Node470	0
branch_345	470	471	1.0034747304	9	9	0	0	0	0	0	9	9	Plant_dominant	Plant_dominant	Plant_dominant	Node471	Node470	0
branch_346	471	472	0.2141147496	9	9	0	0	0	0	0	9	9	Plant_dominant	Plant_dominant	Plant_dominant	Node472	Node471	0
branch_347	472	171	1.470629967	9	8	-1	0	1	0	1	9	8	Plant_dominant	Plant_dominant	Plant_dominant	Lepus_tolai	Node472	0
branch_348	472	172	1.4706299669	9	8	-1	0	1	0	1	9	8	Plant_dominant	Plant_dominant	Plant_dominant	Lepus_castroviejoi	Node472	0
branch_349	471	173	1.68474478961	9	11	2	2	0	1	0	9	11	Plant_dominant	Plant_dominant	Plant_dominant	Lepus_timidus	Node471	0
branch_350	467	174	4.61952450365	10	8	-2	0	2	0	1	10	8	Plant_dominant	Plant_dominant	Plant_dominant	Lepus_oiostolus	Node467	0
branch_351	464	473	46.8905969417	8	15	7	7	0	1	0	8	15	Plant_dominant	Plant_dominant	Plant_dominant	Node473	Node464	0
branch_352	473	175	7.0635102283	15	15	0	0	0	0	0	15	15	Plant_dominant	Plant_dominant	Plant_dominant	Ochotona_argentata	Node473	0
branch_353	473	176	7.0635104112	15	15	0	0	0	0	0	15	15	Plant_dominant	Plant_dominant	Plant_dominant	Ochotona_princeps	Node473	0
branch_354	463	474	5.143362	3	2	-1	0	1	0	1	3	2	Plant_dominant	Plant_dominant	Plant_dominant	Node474	Node463	0
branch_355	474	475	6.967944	2	1	-1	0	1	0	1	2	1	Plant_dominant	Plant_dominant	Plant_dominant	Node475	Node474	0
branch_356	475	476	12.09071255	1	1	0	0	0	0	0	1	1	Plant_dominant	Omnivore	Omnivore	Node476	Node475	1
branch_357	476	177	52.9315670458	1	0	-1	0	1	0	1	1	0	Omnivore	Omnivore	Omnivore	Eliomys_quercinus	Node476	0
branch_358	476	477	27.3212407694	1	0	-1	0	1	0	1	1	0	Omnivore	Omnivore	Omnivore	Node477	Node476	0
branch_359	477	478	6.943394325	0	0	0	0	0	0	0	0	0	Omnivore	Omnivore	Omnivore	Node478	Node477	0
branch_360	478	479	9.8746237901	0	0	0	0	0	0	0	0	0	Omnivore	Omnivore	Omnivore	Node479	Node478	0
branch_361	479	178	8.7923050278	0	0	0	0	0	0	0	0	0	Omnivore	Omnivore	Omnivore	Sciurus_carolinensis	Node479	0
branch_362	479	179	8.7923058824	0	0	0	0	0	0	0	0	0	Omnivore	Omnivore	Omnivore	Sciurus_vulgaris	Node479	0
branch_363	478	180	18.666928249	0	0	0	0	0	0	0	0	0	Omnivore	Omnivore	Omnivore	Pteromys_volans	Node478	0
branch_364	477	480	7.550276466	0	0	0	0	0	0	0	0	0	Omnivore	Plant_dominant	Plant_dominant	Node480	Node477	1
branch_365	480	181	18.060046679	0	0	0	0	0	0	0	0	0	Plant_dominant	Plant_dominant	Plant_dominant	Tamias_sibiricus	Node480	0
branch_366	480	481	10.080175612	0	0	0	0	0	0	0	0	0	Plant_dominant	Plant_dominant	Plant_dominant	Node481	Node480	0
branch_367	481	482	1.409347879	0	0	0	0	0	0	0	0	0	Plant_dominant	Plant_dominant	Plant_dominant	Node482	Node481	0
branch_368	482	182	6.5705248974	0	0	0	0	0	0	0	0	0	Plant_dominant	Omnivore	Omnivore	Spermophilus_citellus	Node482	1
branch_369	482	483	5.3491063665	0	0	0	0	0	0	0	0	0	Plant_dominant	Plant_dominant	Plant_dominant	Node483	Node482	0
branch_370	483	183	1.2214181596	0	0	0	0	0	0	0	0	0	Plant_dominant	Plant_dominant	Plant_dominant	Cynomys_ludovicianus	Node483	0
branch_371	483	184	1.2214179321	0	0	0	0	0	0	0	0	0	Plant_dominant	Plant_dominant	Plant_dominant	Cynomys_gunnisoni	Node483	0
branch_372	481	484	3.8615895573	0	0	0	0	0	0	0	0	0	Plant_dominant	Plant_dominant	Plant_dominant	Node484	Node481	0
branch_373	484	185	4.118282365	0	0	0	0	0	0	0	0	0	Plant_dominant	Plant_dominant	Plant_dominant	Marmota_monax	Node484	0
branch_374	484	485	0.2972949878	0	0	0	0	0	0	0	0	0	Plant_dominant	Plant_dominant	Plant_dominant	Node485	Node484	0
branch_375	485	186	3.8209872345	0	0	0	0	0	0	0	0	0	Plant_dominant	Plant_dominant	Plant_dominant	Marmota_flaviventris	Node485	0
branch_376	485	187	3.8209872351	0	0	0	0	0	0	0	0	0	Plant_dominant	Plant_dominant	Plant_dominant	Marmota_himalayana	Node485	0
branch_377	475	188	65.022293167	1	0	-1	0	1	0	1	1	0	Plant_dominant	Plant_dominant	Plant_dominant	Ctenodactylus_gundi	Node475	0
branch_378	474	486	6.126869	2	1	-1	0	1	0	1	2	1	Plant_dominant	Omnivore	Omnivore	Node486	Node474	1
branch_379	486	487	15.21576094	1	1	0	0	0	0	0	1	1	Omnivore	Plant_dominant	Plant_dominant	Node487	Node486	1
branch_380	487	488	22.42517166	1	0	-1	0	1	0	1	1	0	Plant_dominant	Plant_dominant	Plant_dominant	Node488	Node487	0
branch_381	488	489	19.360460793	0	0	0	0	0	0	0	0	0	Plant_dominant	Omnivore	Omnivore	Node489	Node488	1
branch_382	489	189	8.861984457	0	0	0	0	0	0	0	0	0	Omnivore	Omnivore	Omnivore	Dipodomys_merriami	Node489	0
branch_383	489	190	8.861983903	0	0	0	0	0	0	0	0	0	Omnivore	Omnivore	Omnivore	Dipodomys_spectabilis	Node489	0
branch_384	488	490	14.922097904	0	0	0	0	0	0	0	0	0	Plant_dominant	Plant_dominant	Plant_dominant	Node490	Node488	0
branch_385	490	191	13.30034765646	0	0	0	0	0	0	0	0	0	Plant_dominant	Plant_dominant	Plant_dominant	Thomomys_bottae	Node490	0
branch_386	490	192	13.3003486345	0	0	0	0	0	0	0	0	0	Plant_dominant	Plant_dominant	Plant_dominant	Geomys_bursarius	Node490	0
branch_387	487	491	46.14728732	1	0	-1	0	1	0	1	1	0	Plant_dominant	Plant_dominant	Plant_dominant	Node491	Node487	0
branch_388	491	193	4.500339744	0	0	0	0	0	0	0	0	0	Plant_dominant	Plant_dominant	Plant_dominant	Castor_fiber	Node491	0
branch_389	491	194	4.500339744	0	0	0	0	0	0	0	0	0	Plant_dominant	Plant_dominant	Plant_dominant	Castor_canadensis	Node491	0
branch_390	486	492	3.60664	1	1	0	0	0	0	0	1	1	Omnivore	Omnivore	Omnivore	Node492	Node486	0
branch_391	492	493	1.761076	1	1	0	0	0	0	0	1	1	Omnivore	Omnivore	Omnivore	Node493	Node492	0
branch_392	493	494	3.655428	1	1	0	0	0	0	0	1	1	Omnivore	Omnivore	Omnivore	Node494	Node493	0
branch_393	494	495	43.265931858	1	0	-1	0	1	0	1	1	0	Omnivore	Omnivore	Omnivore	Node495	Node494	0
branch_394	495	195	13.5742892659	0	0	0	0	0	0	0	0	0	Omnivore	Omnivore	Omnivore	Myospalax_psilurus	Node495	0
branch_395	495	196	13.5742889905	0	0	0	0	0	0	0	0	0	Omnivore	Omnivore	Omnivore	Eospalax_fontanierii	Node495	0
branch_396	494	496	5.198225	1	0	-1	0	1	0	1	1	0	Omnivore	Omnivore	Omnivore	Node496	Node494	0
branch_397	496	497	0.393154566	0	0	0	0	0	0	0	0	0	Omnivore	Omnivore	Omnivore	Node497	Node496	0
branch_398	497	498	7.2582871	0	0	0	0	0	0	0	0	0	Omnivore	Omnivore	Omnivore	Node498	Node497	0
branch_399	498	499	31.679376777	0	0	0	0	0	0	0	0	0	Omnivore	Omnivore	Omnivore	Node499	Node498	0
branch_400	499	197	12.31117502	0	0	0	0	0	0	0	0	0	Omnivore	Omnivore	Omnivore	Acomys_russatus	Node499	0
branch_401	499	500	2.08902199	0	0	0	0	0	0	0	0	0	Omnivore	Omnivore	Omnivore	Node500	Node499	0
branch_402	500	501	5.945913419	0	0	0	0	0	0	0	0	0	Omnivore	Omnivore	Omnivore	Node501	Node500	0
branch_403	501	198	4.276238636	0	0	0	0	0	0	0	0	0	Omnivore	Omnivore	Omnivore	Acomys_kempi	Node501	0
branch_404	501	199	4.27624058927	0	0	0	0	0	0	0	0	0	Omnivore	Omnivore	Omnivore	Acomys_percivali	Node501	0
branch_405	500	502	7.363226542	0	0	0	0	0	0	0	0	0	Omnivore	Omnivore	Omnivore	Node502	Node500	0
branch_406	502	503	2.540510873479	0	0	0	0	0	0	0	0	0	Omnivore	Omnivore	Omnivore	Node503	Node502	0
branch_407	503	200	0.3184154044	0	0	0	0	0	0	0	0	0	Omnivore	Omnivore	Omnivore	Acomys_cahirinus	Node503	0
branch_408	503	201	0.31841540434	0	0	0	0	0	0	0	0	0	Omnivore	Omnivore	Omnivore	Acomys_dimidiatus	Node503	0
branch_409	502	202	2.85892619702	0	0	0	0	0	0	0	0	0	Omnivore	Omnivore	Omnivore	Acomys_minous	Node502	0
branch_410	498	504	18.976034576	0	0	0	0	0	0	0	0	0	Omnivore	Plant_dominant	Plant_dominant	Node504	Node498	1
branch_411	504	203	25.014518521	0	0	0	0	0	0	0	0	0	Plant_dominant	Insectivore	Insectivore	Pachyuromys_duprasi	Node504	1
branch_412	504	505	13.3691469367	0	0	0	0	0	0	0	0	0	Plant_dominant	Plant_dominant	Plant_dominant	Node505	Node504	0
branch_413	505	204	11.645369958	0	0	0	0	0	0	0	0	0	Plant_dominant	Plant_dominant	Plant_dominant	Psammomys_obesus	Node505	0
branch_414	505	205	11.645368982	0	0	0	0	0	0	0	0	0	Plant_dominant	Plant_dominant	Plant_dominant	Meriones_unguiculatus	Node505	0
branch_415	497	506	21.848626785	0	0	0	0	0	0	0	0	0	Omnivore	Omnivore	Omnivore	Node506	Node497	0
branch_416	506	507	0.6739192529	0	0	0	0	0	0	0	0	0	Omnivore	Omnivore	Omnivore	Node507	Node506	0
branch_417	507	508	0.8861335469	0	0	0	0	0	0	0	0	0	Omnivore	Omnivore	Omnivore	Node508	Node507	0
branch_418	508	509	1.251431303	0	0	0	0	0	0	0	0	0	Omnivore	Plant_dominant	Plant_dominant	Node509	Node508	1
branch_419	509	510	6.2160063513	0	0	0	0	0	0	0	0	0	Plant_dominant	Plant_dominant	Plant_dominant	Node510	Node509	0
branch_420	510	511	3.69730574	0	0	0	0	0	0	0	0	0	Plant_dominant	Plant_dominant	Plant_dominant	Node511	Node510	0
branch_421	511	512	2.041304485	0	0	0	0	0	0	0	0	0	Plant_dominant	Plant_dominant	Plant_dominant	Node512	Node511	0
branch_422	512	206	14.63411502	0	0	0	0	0	0	0	0	0	Plant_dominant	Plant_dominant	Plant_dominant	Apodemus_speciosus	Node512	0
branch_423	512	207	14.634116976	0	0	0	0	0	0	0	0	0	Plant_dominant	Plant_dominant	Plant_dominant	Apodemus_agrarius	Node512	0
branch_424	511	208	16.6754178777	0	0	0	0	0	0	0	0	0	Plant_dominant	Plant_dominant	Plant_dominant	Apodemus_sylvaticus	Node511	0
branch_425	510	209	20.372724599	0	0	0	0	0	0	0	0	0	Plant_dominant	Plant_dominant	Plant_dominant	Tokudaia_muenninki	Node510	0
branch_426	509	513	11.57442175	0	0	0	0	0	0	0	0	0	Plant_dominant	Plant_dominant	Plant_dominant	Node513	Node509	0
branch_427	513	514	10.4897539489	0	0	0	0	0	0	0	0	0	Plant_dominant	Plant_dominant	Plant_dominant	Node514	Node513	0
branch_428	514	210	4.52455134	0	0	0	0	0	0	0	0	0	Plant_dominant	Plant_dominant	Plant_dominant	Mus_spretus	Node514	0
branch_429	514	211	4.5245529687	0	0	0	0	0	0	0	0	0	Plant_dominant	Plant_dominant	Plant_dominant	Mus_musculus	Node514	0
branch_430	513	212	15.01430802302	0	0	0	0	0	0	0	0	0	Plant_dominant	Plant_dominant	Plant_dominant	Mus_minutoides	Node513	0
branch_431	508	515	14.8301416347	0	0	0	0	0	0	0	0	0	Omnivore	Omnivore	Omnivore	Node515	Node508	0
branch_432	515	213	13.010019964	0	0	0	0	0	0	0	0	0	Omnivore	Omnivore	Omnivore	Arvicanthis_niloticus	Node515	0
branch_433	515	214	13.010018332	0	0	0	0	0	0	0	0	0	Omnivore	Plant_dominant	Plant_dominant	Rhabdomys_pumilio	Node515	1
branch_434	507	516	8.528351541	0	0	0	0	0	0	0	0	0	Omnivore	Omnivore	Omnivore	Node516	Node507	0
branch_435	516	215	20.1979410335	0	0	0	0	0	0	0	0	0	Omnivore	Insectivore	Insectivore	Rhynchomys_soricoides	Node516	1
branch_436	516	517	7.2335333174	0	0	0	0	0	0	0	0	0	Omnivore	Omnivore	Omnivore	Node517	Node516	0
branch_437	517	216	12.9644089838	0	0	0	0	0	0	0	0	0	Omnivore	Omnivore	Omnivore	Uromys_caudimaculatus	Node517	0
branch_438	517	518	6.3807347604	0	0	0	0	0	0	0	0	0	Omnivore	Omnivore	Omnivore	Node518	Node517	0
branch_439	518	217	6.5836739308	0	0	0	0	0	0	0	0	0	Omnivore	Omnivore	Omnivore	Pseudomys_desertor	Node518	0
branch_440	518	218	6.583671749	0	0	0	0	0	0	0	0	0	Omnivore	Omnivore	Omnivore	Mastacomys_fuscus	Node518	0
branch_441	506	519	3.112019735	0	0	0	0	0	0	0	0	0	Omnivore	Omnivore	Omnivore	Node519	Node506	0
branch_442	519	219	26.28819434	0	0	0	0	0	0	0	0	0	Omnivore	Omnivore	Omnivore	Micromys_minutus	Node519	0
branch_443	519	520	18.9569106866	0	0	0	0	0	0	0	0	0	Omnivore	Omnivore	Omnivore	Node520	Node519	0
branch_444	520	220	7.3312824455	0	0	0	0	0	0	0	0	0	Omnivore	Omnivore	Omnivore	Rattus_rattus	Node520	0
branch_445	520	221	7.3312823478	0	0	0	0	0	0	0	0	0	Omnivore	Omnivore	Omnivore	Rattus_norvegicus	Node520	0
branch_446	496	521	16.35739878	0	0	0	0	0	0	0	0	0	Omnivore	Omnivore	Omnivore	Node521	Node496	0
branch_447	521	522	3.357085853	0	0	0	0	0	0	0	0	0	Omnivore	Omnivore	Omnivore	Node522	Node521	0
branch_448	522	523	18.0331306235	0	0	0	0	0	0	0	0	0	Omnivore	Plant_dominant	Plant_dominant	Node523	Node522	1
branch_449	523	524	0.1635248933	0	0	0	0	0	0	0	0	0	Plant_dominant	Plant_dominant	Plant_dominant	Node524	Node523	0
branch_450	524	222	13.7308551214	0	0	0	0	0	0	0	0	0	Plant_dominant	Plant_dominant	Plant_dominant	Lemmus_lemmus	Node524	0
branch_451	524	525	1.4946649422	0	0	0	0	0	0	0	0	0	Plant_dominant	Plant_dominant	Plant_dominant	Node525	Node524	0
branch_452	525	526	1.7414394142	0	0	0	0	0	0	0	0	0	Plant_dominant	Plant_dominant	Plant_dominant	Node526	Node525	0
branch_453	526	223	10.494752683	0	0	0	0	0	0	0	0	0	Plant_dominant	Omnivore	Omnivore	Chionomys_nivalis	Node526	1
branch_454	526	527	1.9317645886	0	0	0	0	0	0	0	0	0	Plant_dominant	Plant_dominant	Plant_dominant	Node527	Node526	0
branch_455	527	528	0.7400613957	0	0	0	0	0	0	0	0	0	Plant_dominant	Plant_dominant	Plant_dominant	Node528	Node527	0
branch_456	528	529	1.4306776147	0	0	0	0	0	0	0	0	0	Plant_dominant	Plant_dominant	Plant_dominant	Node529	Node528	0
branch_457	529	530	1.79532661	0	0	0	0	0	0	0	0	0	Plant_dominant	Plant_dominant	Plant_dominant	Node530	Node529	0
branch_458	530	224	4.596922228	0	0	0	0	0	0	0	0	0	Plant_dominant	Plant_dominant	Plant_dominant	Microtus_pennsylvanicus	Node530	0
branch_459	530	225	4.5969211041	0	0	0	0	0	0	0	0	0	Plant_dominant	Plant_dominant	Plant_dominant	Microtus_oregoni	Node530	0
branch_460	529	226	6.392249358	0	0	0	0	0	0	0	0	0	Plant_dominant	Plant_dominant	Plant_dominant	Microtus_californicus	Node529	0
branch_461	528	227	7.8229250542	0	0	0	0	0	0	0	0	0	Plant_dominant	Plant_dominant	Plant_dominant	Microtus_agrestis	Node528	0
branch_462	527	531	4.7088924862	0	0	0	0	0	0	0	0	0	Plant_dominant	Plant_dominant	Plant_dominant	Node531	Node527	0
branch_463	531	228	3.854094787	0	0	0	0	0	0	0	0	0	Plant_dominant	Plant_dominant	Plant_dominant	Lasiopodomys_mandarinus	Node531	0
branch_464	531	229	3.854094787	0	0	0	0	0	0	0	0	0	Plant_dominant	Plant_dominant	Plant_dominant	Lasiopodomys_brandtii	Node531	0
branch_465	525	230	12.2361929206	0	0	0	0	0	0	0	0	0	Plant_dominant	Plant_dominant	Plant_dominant	Arvicola_amphibius	Node525	0
branch_466	523	231	13.894381276	0	0	0	0	0	0	0	0	0	Plant_dominant	Plant_dominant	Plant_dominant	Ondatra_zibethicus	Node523	0
branch_467	522	532	8.751911979	0	0	0	0	0	0	0	0	0	Omnivore	Omnivore	Omnivore	Node532	Node522	0
branch_468	532	533	2.263468587	0	0	0	0	0	0	0	0	0	Omnivore	Omnivore	Omnivore	Node533	Node532	0
branch_469	533	232	20.9121328917	0	0	0	0	0	0	0	0	0	Omnivore	Plant_dominant	Plant_dominant	Cricetus_cricetus	Node533	1
branch_470	533	233	20.912131411	0	0	0	0	0	0	0	0	0	Omnivore	Omnivore	Omnivore	Mesocricetus_auratus	Node533	0
branch_471	532	534	14.658325203	0	0	0	0	0	0	0	0	0	Omnivore	Omnivore	Omnivore	Node534	Node532	0
branch_472	534	234	8.517274521	0	0	0	0	0	0	0	0	0	Omnivore	Omnivore	Omnivore	Phodopus_roborovskii	Node534	0
branch_473	534	235	8.5172764402	0	0	0	0	0	0	0	0	0	Omnivore	Omnivore	Omnivore	Phodopus_sungorus	Node534	0
branch_474	521	535	0.2275966099	0	0	0	0	0	0	0	0	0	Omnivore	Omnivore	Omnivore	Node535	Node521	0
branch_475	535	536	9.204689757	0	0	0	0	0	0	0	0	0	Omnivore	Insectivore	Insectivore	Node536	Node535	1
branch_476	536	236	25.85231116743	0	0	0	0	0	0	0	0	0	Insectivore	Plant_dominant	Plant_dominant	Neotoma_floridana	Node536	1
branch_477	536	537	3.528533749	0	0	0	0	0	0	0	0	0	Insectivore	Insectivore	Insectivore	Node537	Node536	0
branch_478	537	538	7.533976481	0	0	0	0	0	0	0	0	0	Insectivore	Insectivore	Insectivore	Node538	Node537	0
branch_479	538	539	8.504803869	0	0	0	0	0	0	0	0	0	Insectivore	Insectivore	Insectivore	Node539	Node538	0
branch_480	539	237	6.284997639	0	0	0	0	0	0	0	0	0	Insectivore	Insectivore	Insectivore	Onychomys_torridus	Node539	0
branch_481	539	540	1.883190988	0	0	0	0	0	0	0	0	0	Insectivore	Insectivore	Insectivore	Node540	Node539	0
branch_482	540	238	4.401805829	0	0	0	0	0	0	0	0	0	Insectivore	Insectivore	Insectivore	Onychomys_leucogaster	Node540	0
branch_483	540	239	4.401805829	0	0	0	0	0	0	0	0	0	Insectivore	Insectivore	Insectivore	Onychomys_arenicola	Node540	0
branch_484	538	541	3.546864511	0	0	0	0	0	0	0	0	0	Insectivore	Insectivore	Insectivore	Node541	Node538	0
branch_485	541	240	11.242935352	0	0	0	0	0	0	0	0	0	Insectivore	Insectivore	Insectivore	Peromyscus_leucopus	Node541	0
branch_486	541	241	11.242935078	0	0	0	0	0	0	0	0	0	Insectivore	Insectivore	Insectivore	Peromyscus_eremicus	Node541	0
branch_487	537	242	22.323776344	0	0	0	0	0	0	0	0	0	Insectivore	Insectivore	Insectivore	Scotinomys_teguina	Node537	0
branch_488	535	243	35.0570006728	0	0	0	0	0	0	0	0	0	Omnivore	Omnivore	Omnivore	Sigmodon_hispidus	Node535	0
branch_489	493	244	60.495657996	1	0	-1	0	1	0	1	1	0	Omnivore	Omnivore	Omnivore	Typhlomys_cinereus	Node493	0
branch_490	492	542	42.450874816	1	0	-1	0	1	0	1	1	0	Omnivore	Omnivore	Omnivore	Node542	Node492	0
branch_491	542	245	19.805873883	0	0	0	0	0	0	0	0	0	Omnivore	Omnivore	Omnivore	Salpingotus_crassicauda	Node542	0
branch_492	542	543	12.7197350494	0	0	0	0	0	0	0	0	0	Omnivore	Omnivore	Omnivore	Node543	Node542	0
branch_493	543	246	7.086135855	0	0	0	0	0	0	0	0	0	Omnivore	Plant_dominant	Plant_dominant	Dipus_sagitta	Node543	1
branch_494	543	247	7.0861365997	0	0	0	0	0	0	0	0	0	Omnivore	Omnivore	Omnivore	Jaculus_jaculus	Node543	0
branch_495	462	544	5.119581	2	2	0	0	0	0	0	2	2	Plant_dominant	Plant_dominant	Plant_dominant	Node544	Node462	0
branch_496	544	545	9.965993	2	2	0	0	0	0	0	2	2	Plant_dominant	Plant_dominant	Plant_dominant	Node545	Node544	0
branch_497	545	546	0.05795644439	2	2	0	0	0	0	0	2	2	Plant_dominant	Plant_dominant	Plant_dominant	Node546	Node545	0
branch_498	546	547	18.86443727	2	1	-1	0	1	0	1	2	1	Plant_dominant	Plant_dominant	Plant_dominant	Node547	Node546	0
branch_499	547	548	8.655874188	1	1	0	0	0	0	0	1	1	Plant_dominant	Plant_dominant	Plant_dominant	Node548	Node547	0
branch_500	548	248	41.42536012	1	1	0	0	0	0	0	1	1	Plant_dominant	Omnivore	Omnivore	Daubentonia_madagascariensis	Node548	1
branch_501	548	549	19.769875437	1	1	0	0	0	0	0	1	1	Plant_dominant	Plant_dominant	Plant_dominant	Node549	Node548	0
branch_502	549	249	21.655496605	1	1	0	0	0	0	0	1	1	Plant_dominant	Plant_dominant	Plant_dominant	Lemur_catta	Node549	0
branch_503	549	250	21.655494797	1	1	0	0	0	0	0	1	1	Plant_dominant	Plant_dominant	Plant_dominant	Microcebus_murinus	Node549	0
branch_504	547	550	35.90564462	1	1	0	0	0	0	0	1	1	Plant_dominant	Omnivore	Omnivore	Node550	Node547	1
branch_505	550	551	13.5096864545	1	1	0	0	0	0	0	1	1	Omnivore	Omnivore	Omnivore	Node551	Node550	0
branch_506	551	251	0.6659202109	1	1	0	0	0	0	0	1	1	Omnivore	Omnivore	Omnivore	Nycticebus_coucang	Node551	0
branch_507	551	252	0.6659202109	1	1	0	0	0	0	0	1	1	Omnivore	Omnivore	Omnivore	Nycticebus_bengalensis	Node551	0
branch_508	550	253	14.17560594	1	1	0	0	0	0	0	1	1	Omnivore	Insectivore	Insectivore	Loris_tardigradus	Node550	1
branch_509	546	552	37.833758061	2	2	0	0	0	0	0	2	2	Plant_dominant	Plant_dominant	Plant_dominant	Node552	Node546	0
branch_510	552	553	9.525145053	2	3	1	1	0	1	0	2	3	Plant_dominant	Plant_dominant	Plant_dominant	Node553	Node552	0
branch_511	553	554	7.90771396	3	4	1	1	0	1	0	3	4	Plant_dominant	Plant_dominant	Plant_dominant	Node554	Node553	0
branch_512	554	555	8.654258705	4	3	-1	0	1	0	1	4	3	Plant_dominant	Plant_dominant	Plant_dominant	Node555	Node554	0
branch_513	555	556	1.03259404	3	3	0	0	0	0	0	3	3	Plant_dominant	Plant_dominant	Plant_dominant	Node556	Node555	0
branch_514	556	254	3.992209344	3	3	0	0	0	0	0	3	3	Plant_dominant	Plant_dominant	Plant_dominant	Symphalangus_syndactylus	Node556	0
branch_515	556	255	3.992210429	3	2	-1	0	1	0	1	3	2	Plant_dominant	Plant_dominant	Plant_dominant	Hylobates_pileatus	Node556	0
branch_516	555	256	5.0248041069	3	3	0	0	0	0	0	3	3	Plant_dominant	Plant_dominant	Plant_dominant	Nomascus_leucogenys	Node555	0
branch_517	554	557	4.232750082	4	4	0	0	0	0	0	4	4	Plant_dominant	Plant_dominant	Plant_dominant	Node557	Node554	0
branch_518	557	558	7.347069038	4	6	2	2	0	1	0	4	6	Plant_dominant	Plant_dominant	Plant_dominant	Node558	Node557	0
branch_519	558	257	2.099245499	6	5	-1	0	1	0	1	6	5	Plant_dominant	Plant_dominant	Plant_dominant	Pongo_pygmaeus	Node558	0
branch_520	558	258	2.099245499	6	8	2	2	0	1	0	6	8	Plant_dominant	Plant_dominant	Plant_dominant	Pongo_abelii	Node558	0
branch_521	557	559	3.699579215	4	4	0	0	0	0	0	4	4	Plant_dominant	Plant_dominant	Plant_dominant	Node559	Node557	0
branch_522	559	560	4.386151227	4	3	-1	0	1	0	1	4	3	Plant_dominant	Plant_dominant	Plant_dominant	Node560	Node559	0
branch_523	560	259	1.360582288	3	3	0	0	0	0	0	3	3	Plant_dominant	Plant_dominant	Plant_dominant	Pan_troglodytes	Node560	0
branch_524	560	260	1.360582288	3	3	0	0	0	0	0	3	3	Plant_dominant	Plant_dominant	Plant_dominant	Pan_paniscus	Node560	0
branch_525	559	261	5.746732792	4	4	0	0	0	0	0	4	4	Plant_dominant	Plant_dominant	Plant_dominant	Gorilla_gorilla	Node559	0
branch_526	553	561	8.241728647	3	3	0	0	0	0	0	3	3	Plant_dominant	Plant_dominant	Plant_dominant	Node561	Node553	0
branch_527	561	562	4.182301472	3	3	0	0	0	0	0	3	3	Plant_dominant	Plant_dominant	Plant_dominant	Node562	Node561	0
branch_528	562	563	1.655188945	3	3	0	0	0	0	0	3	3	Plant_dominant	Plant_dominant	Plant_dominant	Node563	Node562	0
branch_529	563	564	4.50725020848	3	3	0	0	0	0	0	3	3	Plant_dominant	Plant_dominant	Plant_dominant	Node564	Node563	0
branch_530	564	565	0.3206371858	3	3	0	0	0	0	0	3	3	Plant_dominant	Plant_dominant	Plant_dominant	Node565	Node564	0
branch_531	565	262	2.6796712353	3	4	1	1	0	1	0	3	4	Plant_dominant	Plant_dominant	Plant_dominant	Trachypithecus_germaini	Node565	0
branch_532	565	263	2.6796712351	3	2	-1	0	1	0	1	3	2	Plant_dominant	Plant_dominant	Plant_dominant	Trachypithecus_francoisi	Node565	0
branch_533	564	264	3.0003086736	3	4	1	1	0	1	0	3	4	Plant_dominant	Plant_dominant	Plant_dominant	Trachypithecus_shortridgei	Node564	0
branch_534	563	566	5.0903916371	3	2	-1	0	1	0	1	3	2	Plant_dominant	Plant_dominant	Plant_dominant	Node566	Node563	0
branch_535	566	265	2.417167517	2	1	-1	0	1	0	1	2	1	Plant_dominant	Plant_dominant	Plant_dominant	Rhinopithecus_bieti	Node566	0
branch_536	566	266	2.4171675164	2	3	1	1	0	1	0	2	3	Plant_dominant	Plant_dominant	Plant_dominant	Rhinopithecus_roxellana	Node566	0
branch_537	562	267	9.16274968845	3	3	0	0	0	0	0	3	3	Plant_dominant	Plant_dominant	Plant_dominant	Colobus_guereza	Node562	0
branch_538	561	567	4.024381673	3	4	1	1	0	1	0	3	4	Plant_dominant	Plant_dominant	Plant_dominant	Node567	Node561	0
branch_539	567	568	1.471962079	4	4	0	0	0	0	0	4	4	Plant_dominant	Plant_dominant	Plant_dominant	Node568	Node567	0
branch_540	568	569	3.43812105003	4	5	1	1	0	1	0	4	5	Plant_dominant	Plant_dominant	Plant_dominant	Node569	Node568	0
branch_541	569	570	0.623369759	5	6	1	1	0	1	0	5	6	Plant_dominant	Plant_dominant	Plant_dominant	Node570	Node569	0
branch_542	570	571	0.2082497963	6	6	0	0	0	0	0	6	6	Plant_dominant	Plant_dominant	Plant_dominant	Node571	Node570	0
branch_543	571	268	3.578966595	6	13	7	7	0	1	0	6	13	Plant_dominant	Omnivore	Omnivore	Macaca_fascicularis	Node571	1
branch_544	571	572	1.7805544099	6	4	-2	0	2	0	1	6	4	Plant_dominant	Plant_dominant	Plant_dominant	Node572	Node571	0
branch_545	572	573	0.560118716	4	4	0	0	0	0	0	4	4	Plant_dominant	Plant_dominant	Plant_dominant	Node573	Node572	0
branch_546	573	269	1.238293469	4	4	0	0	0	0	0	4	4	Plant_dominant	Plant_dominant	Plant_dominant	Macaca_mulatta	Node573	0
branch_547	573	270	1.2382934686	4	4	0	0	0	0	0	4	4	Plant_dominant	Plant_dominant	Plant_dominant	Macaca_nigra	Node573	0
branch_548	572	271	1.798412185	4	3	-1	0	1	0	1	4	3	Plant_dominant	Plant_dominant	Plant_dominant	Macaca_cyclopis	Node572	0
branch_549	570	272	3.787216463	6	5	-1	0	1	0	1	6	5	Plant_dominant	Plant_dominant	Plant_dominant	Macaca_assamensis	Node570	0
branch_550	569	574	2.4830828921	5	4	-1	0	1	0	1	5	4	Plant_dominant	Plant_dominant	Plant_dominant	Node574	Node569	0
branch_551	574	273	1.92750338	4	4	0	0	0	0	0	4	4	Plant_dominant	Plant_dominant	Plant_dominant	Macaca_nemestrina	Node574	0
branch_552	574	274	1.9275033807	4	2	-2	0	2	0	1	4	2	Plant_dominant	Plant_dominant	Plant_dominant	Macaca_silenus	Node574	0
branch_553	568	575	7.054299043	4	3	-1	0	1	0	1	4	3	Plant_dominant	Plant_dominant	Plant_dominant	Node575	Node568	0
branch_554	575	275	0.7944082208	3	2	-1	0	1	0	1	3	2	Plant_dominant	Omnivore	Omnivore	Papio_anubis	Node575	1
branch_555	575	276	0.79440840142	3	3	0	0	0	0	0	3	3	Plant_dominant	Plant_dominant	Plant_dominant	Papio_hamadryas	Node575	0
branch_556	567	576	4.33989777641	4	4	0	0	0	0	0	4	4	Plant_dominant	Plant_dominant	Plant_dominant	Node576	Node567	0
branch_557	576	277	4.980772976	4	4	0	0	0	0	0	4	4	Plant_dominant	Plant_dominant	Plant_dominant	Erythrocebus_patas	Node576	0
branch_558	576	278	4.98077153	4	3	-1	0	1	0	1	4	3	Plant_dominant	Plant_dominant	Plant_dominant	Chlorocebus_sabaeus	Node576	0
branch_559	552	577	14.8174684671	2	1	-1	0	1	0	1	2	1	Plant_dominant	Plant_dominant	Plant_dominant	Node577	Node552	0
branch_560	577	578	2.016013785	1	1	0	0	0	0	0	1	1	Plant_dominant	Insectivore	Insectivore	Node578	Node577	1
branch_561	578	579	2.772886418	1	1	0	0	0	0	0	1	1	Insectivore	Omnivore	Omnivore	Node579	Node578	1
branch_562	579	580	1.238835216	1	1	0	0	0	0	0	1	1	Omnivore	Omnivore	Omnivore	Node580	Node579	0
branch_563	580	279	10.266721952	1	1	0	0	0	0	0	1	1	Omnivore	Omnivore	Omnivore	Callithrix_jacchus	Node580	0
branch_564	580	280	10.2667217362	1	1	0	0	0	0	0	1	1	Omnivore	Omnivore	Omnivore	Leontopithecus_rosalia	Node580	0
branch_565	579	581	7.8217774871	1	1	0	0	0	0	0	1	1	Omnivore	Omnivore	Omnivore	Node581	Node579	0
branch_566	581	281	3.6837792842	1	1	0	0	0	0	0	1	1	Omnivore	Omnivore	Omnivore	Saguinus_midas	Node581	0
branch_567	581	282	3.6837796457	1	1	0	0	0	0	0	1	1	Omnivore	Omnivore	Omnivore	Saguinus_oedipus	Node581	0
branch_568	578	582	0.8285605458	1	1	0	0	0	0	0	1	1	Insectivore	Insectivore	Insectivore	Node582	Node578	0
branch_569	582	283	13.449881051	1	1	0	0	0	0	0	1	1	Insectivore	Insectivore	Insectivore	Saimiri_boliviensis	Node582	0
branch_570	582	284	13.4498843049	1	1	0	0	0	0	0	1	1	Insectivore	Insectivore	Insectivore	Cebus_albifrons	Node582	0
branch_571	577	583	8.221626183	1	1	0	0	0	0	0	1	1	Plant_dominant	Plant_dominant	Plant_dominant	Node583	Node577	0
branch_572	583	584	5.426895686	1	1	0	0	0	0	0	1	1	Plant_dominant	Plant_dominant	Plant_dominant	Node584	Node583	0
branch_573	584	585	1.68497202	1	1	0	0	0	0	0	1	1	Plant_dominant	Plant_dominant	Plant_dominant	Node585	Node584	0
branch_574	585	285	0.9609648915	1	1	0	0	0	0	0	1	1	Plant_dominant	Plant_dominant	Plant_dominant	Ateles_geoffroyi	Node585	0
branch_575	585	286	0.9609648915	1	1	0	0	0	0	0	1	1	Plant_dominant	Plant_dominant	Plant_dominant	Ateles_fusciceps	Node585	0
branch_576	584	287	2.6459368756	1	1	0	0	0	0	0	1	1	Plant_dominant	Plant_dominant	Plant_dominant	Ateles_hybridus	Node584	0
branch_577	583	288	8.072831152	1	1	0	0	0	0	0	1	1	Plant_dominant	Plant_dominant	Plant_dominant	Brachyteles_arachnoides	Node583	0
branch_578	545	289	69.003651	2	1	-1	0	1	0	1	2	1	Plant_dominant	Plant_dominant	Plant_dominant	Cynocephalus_volans	Node545	0
branch_579	544	290	78.9696207254	2	1	-1	0	1	0	1	2	1	Plant_dominant	Insectivore	Insectivore	Tupaia_tana	Node544	1
branch_580	304	586	23.79366187	2	1	-1	0	1	0	1	2	1	Insectivore	Insectivore	Insectivore	Node586	Node304	0
branch_581	586	587	5.101371893	1	1	0	0	0	0	0	1	1	Insectivore	Insectivore	Insectivore	Node587	Node586	0
branch_582	587	588	33.33790638	1	1	0	0	0	0	0	1	1	Insectivore	Plant_dominant	Plant_dominant	Node588	Node587	1
branch_583	588	291	29.033547848	1	1	0	0	0	0	0	1	1	Plant_dominant	Plant_dominant	Plant_dominant	Choloepus_didactylus	Node588	0
branch_584	588	292	29.033545915	1	1	0	0	0	0	0	1	1	Plant_dominant	Plant_dominant	Plant_dominant	Bradypus_torquatus	Node588	0
branch_585	587	589	48.62845026	1	1	0	0	0	0	0	1	1	Insectivore	Insectivore	Insectivore	Node589	Node587	0
branch_586	589	293	13.74300398	1	1	0	0	0	0	0	1	1	Insectivore	Insectivore	Insectivore	Myrmecophaga_tridactyla	Node589	0
branch_587	589	294	13.743003002	1	1	0	0	0	0	0	1	1	Insectivore	Insectivore	Insectivore	Tamandua_tetradactyla	Node589	0
branch_588	586	295	67.472816422	1	1	0	0	0	0	0	1	1	Insectivore	Insectivore	Insectivore	Dasypus_novemcinctus	Node586	0
