species	PGA_CN	diet_state	contig_N50	gap_free	pass_N50	gap_free_norm	pass_gap	pass_quality_flag	pass_high_quality
Loxodonta_africana	1	Plant_dominant	82653632	TRUE	TRUE	true	TRUE	TRUE	TRUE
Heterohyrax_brucei	1	Plant_dominant	78495281	TRUE	TRUE	true	TRUE	TRUE	TRUE
Dugong_dugon	1	Plant_dominant	57632671	TRUE	TRUE	true	TRUE	TRUE	TRUE
Trichechus_inunguis	3	Plant_dominant	25109643	TRUE	TRUE	true	TRUE	TRUE	TRUE
Orycteropus_afer	1	Non_plant	166734673	TRUE	TRUE	true	TRUE	TRUE	TRUE
Tenrec_ecaudatus	1	Non_plant	71825797	TRUE	TRUE	true	TRUE	TRUE	TRUE
Amblysomus_hottentotus	1	Non_plant	59459156	TRUE	TRUE	true	TRUE	TRUE	TRUE
Rhynchocyon_petersi	1	Non_plant	13791435	TRUE	TRUE	true	TRUE	TRUE	TRUE
Rhinopoma_microphyllum	1	Non_plant	33347918	TRUE	TRUE	true	TRUE	TRUE	TRUE
Megaderma_spasma	1	Non_plant	25520250	TRUE	TRUE	true	TRUE	TRUE	TRUE
Macroderma_gigas	1	Non_plant	37658598	TRUE	TRUE	true	TRUE	TRUE	TRUE
Rhinolophus_sinicus	1	Non_plant	42906106	TRUE	TRUE	true	TRUE	TRUE	TRUE
Rhinolophus_rex	1	Non_plant	75261663	TRUE	TRUE	true	TRUE	TRUE	TRUE
Rhinolophus_affinis	1	Non_plant	65534120	TRUE	TRUE	true	TRUE	TRUE	TRUE
Rhinolophus_trifoliatus	1	Non_plant	11115074	TRUE	TRUE	true	TRUE	TRUE	TRUE
Rhinolophus_clivosus	1	Non_plant	68120538	TRUE	TRUE	true	TRUE	TRUE	TRUE
Rhinolophus_ferrumequinum	1	Non_plant	31900497	TRUE	TRUE	true	TRUE	TRUE	TRUE
Aselliscus_stoliczkanus	1	Non_plant	73009000	TRUE	TRUE	true	TRUE	TRUE	TRUE
Hipposideros_larvatus	1	Non_plant	19276934	TRUE	TRUE	true	TRUE	TRUE	TRUE
Rousettus_leschenaultii	1	Non_plant	86068516	TRUE	TRUE	true	TRUE	TRUE	TRUE
Rousettus_aegyptiacus	1	Non_plant	21756723	TRUE	TRUE	true	TRUE	TRUE	TRUE
Cynopterus_sphinx	1	Plant_dominant	84235024	TRUE	TRUE	true	TRUE	TRUE	TRUE
Myotis_nesopolus	1	Non_plant	49124421	TRUE	TRUE	true	TRUE	TRUE	TRUE
Myotis_yumanensis	1	Non_plant	28025655	TRUE	TRUE	true	TRUE	TRUE	TRUE
Myotis_mystacinus	1	Non_plant	28343623	TRUE	TRUE	true	TRUE	TRUE	TRUE
Myotis_daubentonii	1	Non_plant	28718153	TRUE	TRUE	true	TRUE	TRUE	TRUE
Corynorhinus_townsendii	1	Non_plant	23382908	TRUE	TRUE	true	TRUE	TRUE	TRUE
Antrozous_pallidus	1	Non_plant	41887785	TRUE	TRUE	true	TRUE	TRUE	TRUE
Nyctalus_aviator	1	Non_plant	61249120	TRUE	TRUE	true	TRUE	TRUE	TRUE
Nyctalus_leisleri	1	Non_plant	26125689	TRUE	TRUE	true	TRUE	TRUE	TRUE
Pipistrellus_abramus	1	Non_plant	60509936	TRUE	TRUE	true	TRUE	TRUE	TRUE
Pipistrellus_pygmaeus	1	Non_plant	54047000	TRUE	TRUE	true	TRUE	TRUE	TRUE
Pipistrellus_nathusii	1	Non_plant	19092895	TRUE	TRUE	true	TRUE	TRUE	TRUE
Ia_io	1	Non_plant	62415887	TRUE	TRUE	true	TRUE	TRUE	TRUE
Eptesicus_fuscus	1	Non_plant	49033427	TRUE	TRUE	true	TRUE	TRUE	TRUE
Tadarida_brasiliensis	1	Non_plant	86333355	TRUE	TRUE	true	TRUE	TRUE	TRUE
Molossus_molossus	1	Non_plant	21658165	TRUE	TRUE	true	TRUE	TRUE	TRUE
Tadarida_teniotis	1	Non_plant	53136000	TRUE	TRUE	true	TRUE	TRUE	TRUE
Mops_condylurus	1	Non_plant	56964224	TRUE	TRUE	true	TRUE	TRUE	TRUE
Saccopteryx_bilineata	1	Non_plant	20047694	TRUE	TRUE	true	TRUE	TRUE	TRUE
Saccopteryx_leptura	1	Non_plant	17619988	TRUE	TRUE	true	TRUE	TRUE	TRUE
Rhynchonycteris_naso	1	Non_plant	108301702	TRUE	TRUE	true	TRUE	TRUE	TRUE
Phyllostomus_hastatus	1	Non_plant	31525663	TRUE	TRUE	true	TRUE	TRUE	TRUE
Phyllostomus_discolor	1	Non_plant	15176516	TRUE	TRUE	true	TRUE	TRUE	TRUE
Artibeus_jamaicensis	1	Plant_dominant	22092642	TRUE	TRUE	true	TRUE	TRUE	TRUE
Artibeus_lituratus	1	Plant_dominant	65515378	TRUE	TRUE	true	TRUE	TRUE	TRUE
Platyrrhinus_helleri	1	Plant_dominant	49393690	TRUE	TRUE	true	TRUE	TRUE	TRUE
Micronycteris_microtis	1	Non_plant	59308170	TRUE	TRUE	true	TRUE	TRUE	TRUE
Monodon_monoceros	1	Non_plant	22031227	TRUE	TRUE	true	TRUE	TRUE	TRUE
Phocoena_sinus	1	Non_plant	20218762	TRUE	TRUE	true	TRUE	TRUE	TRUE
Orcinus_orca	1	Non_plant	45583382	TRUE	TRUE	true	TRUE	TRUE	TRUE
Pseudorca_crassidens	1	Non_plant	58817648	TRUE	TRUE	true	TRUE	TRUE	TRUE
Peponocephala_electra	1	Non_plant	57154926	TRUE	TRUE	true	TRUE	TRUE	TRUE
Delphinus_delphis	1	Non_plant	54231611	TRUE	TRUE	true	TRUE	TRUE	TRUE
Inia_geoffrensis	1	Non_plant	41942625	TRUE	TRUE	true	TRUE	TRUE	TRUE
Mesoplodon_densirostris	1	Non_plant	48253041	TRUE	TRUE	true	TRUE	TRUE	TRUE
Kogia_breviceps	1	Non_plant	42780423	TRUE	TRUE	true	TRUE	TRUE	TRUE
Eubalaena_glacialis	1	Non_plant	37467374	TRUE	TRUE	true	TRUE	TRUE	TRUE
Balaenoptera_edeni	1	Non_plant	56810546	TRUE	TRUE	true	TRUE	TRUE	TRUE
Eschrichtius_robustus	1	Non_plant	39209000	TRUE	TRUE	true	TRUE	TRUE	TRUE
Megaptera_novaeangliae	1	Non_plant	36344089	TRUE	TRUE	true	TRUE	TRUE	TRUE
Dama_dama	1	Plant_dominant	68791581	TRUE	TRUE	true	TRUE	TRUE	TRUE
Cervus_nippon	1	Plant_dominant	89550226	TRUE	TRUE	true	TRUE	TRUE	TRUE
Cervus_elaphus	1	Plant_dominant	68741660	TRUE	TRUE	true	TRUE	TRUE	TRUE
Axis_porcinus	1	Plant_dominant	54160790	TRUE	TRUE	true	TRUE	TRUE	TRUE
Muntiacus_gongshanensis	1	Plant_dominant	24226309	TRUE	TRUE	true	TRUE	TRUE	TRUE
Muntiacus_crinifrons	1	Plant_dominant	25225000	TRUE	TRUE	true	TRUE	TRUE	TRUE
Capreolus_capreolus	1	Plant_dominant	69851389	TRUE	TRUE	true	TRUE	TRUE	TRUE
Bos_taurus	1	Plant_dominant	26402946	TRUE	TRUE	true	TRUE	TRUE	TRUE
Bos_javanicus	1	Plant_dominant	47146240	TRUE	TRUE	true	TRUE	TRUE	TRUE
Bison_bonasus	1	Plant_dominant	91242619	TRUE	TRUE	true	TRUE	TRUE	TRUE
Pantholops_hodgsonii	1	Plant_dominant	84561976	TRUE	TRUE	true	TRUE	TRUE	TRUE
Capra_nubiana	1	Plant_dominant	91324156	TRUE	TRUE	true	TRUE	TRUE	TRUE
Capra_hircus	1	Plant_dominant	100793790	TRUE	TRUE	true	TRUE	TRUE	TRUE
Capra_ibex	1	Plant_dominant	58703036	TRUE	TRUE	true	TRUE	TRUE	TRUE
Budorcas_taxicolor	1	Plant_dominant	64431831	TRUE	TRUE	true	TRUE	TRUE	TRUE
Ovis_canadensis	1	Plant_dominant	105224494	TRUE	TRUE	true	TRUE	TRUE	TRUE
Ovis_aries	1	Plant_dominant	103395564	TRUE	TRUE	true	TRUE	TRUE	TRUE
Rupicapra_rupicapra	1	Plant_dominant	77662214	TRUE	TRUE	true	TRUE	TRUE	TRUE
Capricornis_sumatraensis	1	Plant_dominant	100934918	TRUE	TRUE	true	TRUE	TRUE	TRUE
Moschus_berezovskii	1	Plant_dominant	91326797	TRUE	TRUE	true	TRUE	TRUE	TRUE
Sus_scrofa	1	Plant_dominant	144930921	TRUE	TRUE	true	TRUE	TRUE	TRUE
Phacochoerus_africanus	1	Plant_dominant	10602503	TRUE	TRUE	true	TRUE	TRUE	TRUE
Camelus_dromedarius	1	Plant_dominant	31216184	TRUE	TRUE	true	TRUE	TRUE	TRUE
Equus_kiang	10	Plant_dominant	107027433	TRUE	TRUE	true	TRUE	TRUE	TRUE
Equus_caballus	10	Plant_dominant	99223387	TRUE	TRUE	true	TRUE	TRUE	TRUE
Tapirus_indicus	9	Plant_dominant	56553937	TRUE	TRUE	true	TRUE	TRUE	TRUE
Nyctereutes_procyonoides	1	Non_plant	35077230	TRUE	TRUE	true	TRUE	TRUE	TRUE
Lycaon_pictus	1	Non_plant	39426608	TRUE	TRUE	true	TRUE	TRUE	TRUE
Canis_latrans	1	Non_plant	42015997	TRUE	TRUE	true	TRUE	TRUE	TRUE
Canis_aureus	1	Non_plant	56644425	TRUE	TRUE	true	TRUE	TRUE	TRUE
Canis_lupus	1	Non_plant	34375412	TRUE	TRUE	true	TRUE	TRUE	TRUE
Vulpes_ferrilata	1	Non_plant	52909674	TRUE	TRUE	true	TRUE	TRUE	TRUE
Vulpes_corsac	1	Non_plant	41624634	TRUE	TRUE	true	TRUE	TRUE	TRUE
Vulpes_vulpes	1	Non_plant	55675583	TRUE	TRUE	true	TRUE	TRUE	TRUE
Vulpes_lagopus	1	Non_plant	33460300	TRUE	TRUE	true	TRUE	TRUE	TRUE
Urocyon_cinereoargenteus	1	Non_plant	59386518	TRUE	TRUE	true	TRUE	TRUE	TRUE
Hydrurga_leptonyx	1	Non_plant	99454515	TRUE	TRUE	true	TRUE	TRUE	TRUE
Monachus_monachus	1	Non_plant	90875510	TRUE	TRUE	true	TRUE	TRUE	TRUE
Zalophus_californianus	1	Non_plant	60554208	TRUE	TRUE	true	TRUE	TRUE	TRUE
Arctocephalus_gazella	1	Non_plant	55559406	TRUE	TRUE	true	TRUE	TRUE	TRUE
Mephitis_mephitis	1	Non_plant	39934464	TRUE	TRUE	true	TRUE	TRUE	TRUE
Meles_meles	1	Non_plant	75210923	TRUE	TRUE	true	TRUE	TRUE	TRUE
Martes_flavigula	1	Non_plant	68603938	TRUE	TRUE	true	TRUE	TRUE	TRUE
Martes_foina	1	Non_plant	64160893	TRUE	TRUE	true	TRUE	TRUE	TRUE
Mustela_erminea	1	Non_plant	36329944	TRUE	TRUE	true	TRUE	TRUE	TRUE
Mustela_lutreola	1	Non_plant	83356672	TRUE	TRUE	true	TRUE	TRUE	TRUE
Lutra_lutra	1	Non_plant	30403456	TRUE	TRUE	true	TRUE	TRUE	TRUE
Ailuropoda_melanoleuca	1	Plant_dominant	28556066	TRUE	TRUE	true	TRUE	TRUE	TRUE
Ursus_arctos	1	Plant_dominant	43943000	TRUE	TRUE	true	TRUE	TRUE	TRUE
Ursus_americanus	1	Plant_dominant	13882922	TRUE	TRUE	true	TRUE	TRUE	TRUE
Paguma_larvata	1	Non_plant	12856992	TRUE	TRUE	true	TRUE	TRUE	TRUE
Panthera_tigris	1	Non_plant	74391967	TRUE	TRUE	true	TRUE	TRUE	TRUE
Panthera_onca	1	Non_plant	42469011	TRUE	TRUE	true	TRUE	TRUE	TRUE
Panthera_pardus	1	Non_plant	22236240	TRUE	TRUE	true	TRUE	TRUE	TRUE
Panthera_leo	1	Non_plant	77781637	TRUE	TRUE	true	TRUE	TRUE	TRUE
Neofelis_nebulosa	1	Non_plant	51579577	TRUE	TRUE	true	TRUE	TRUE	TRUE
Lynx_rufus	1	Non_plant	66217191	TRUE	TRUE	true	TRUE	TRUE	TRUE
Acinonyx_jubatus	1	Non_plant	96827784	TRUE	TRUE	true	TRUE	TRUE	TRUE
Puma_concolor	1	Non_plant	42297498	TRUE	TRUE	true	TRUE	TRUE	TRUE
Felis_chaus	1	Non_plant	91188488	TRUE	TRUE	true	TRUE	TRUE	TRUE
Felis_catus	1	Non_plant	149421202	TRUE	TRUE	true	TRUE	TRUE	TRUE
Prionailurus_viverrinus	1	Non_plant	68766634	TRUE	TRUE	true	TRUE	TRUE	TRUE
Prionailurus_bengalensis	1	Non_plant	82622880	TRUE	TRUE	true	TRUE	TRUE	TRUE
Manis_pentadactyla	1	Non_plant	25547713	TRUE	TRUE	true	TRUE	TRUE	TRUE
Manis_javanica	1	Non_plant	61244301	TRUE	TRUE	true	TRUE	TRUE	TRUE
Scaptochirus_moschatus	1	Non_plant	67659624	TRUE	TRUE	true	TRUE	TRUE	TRUE
Suncus_murinus	1	Non_plant	108479493	TRUE	TRUE	true	TRUE	TRUE	TRUE
Crocidura_zimmermanni	1	Non_plant	28351139	TRUE	TRUE	true	TRUE	TRUE	TRUE
Sorex_ornatus	1	Non_plant	19322863	TRUE	TRUE	true	TRUE	TRUE	TRUE
Sorex_fumeus	1	Non_plant	42400022	TRUE	TRUE	true	TRUE	TRUE	TRUE
Oryctolagus_cuniculus	16	Plant_dominant	138122305	TRUE	TRUE	true	TRUE	TRUE	TRUE
Sylvilagus_floridanus	17	Plant_dominant	34907720	TRUE	TRUE	true	TRUE	TRUE	TRUE
Lepus_yarkandensis	12	Plant_dominant	126863262	TRUE	TRUE	true	TRUE	TRUE	TRUE
Lepus_europaeus	10	Plant_dominant	43409466	TRUE	TRUE	true	TRUE	TRUE	TRUE
Lepus_capensis	8	Plant_dominant	30546000	TRUE	TRUE	true	TRUE	TRUE	TRUE
Lepus_tolai	8	Plant_dominant	134987039	TRUE	TRUE	true	TRUE	TRUE	TRUE
Lepus_castroviejoi	8	Plant_dominant	58008274	TRUE	TRUE	true	TRUE	TRUE	TRUE
Lepus_oiostolus	8	Plant_dominant	58464897	TRUE	TRUE	true	TRUE	TRUE	TRUE
Ochotona_argentata	15	Plant_dominant	33442122	TRUE	TRUE	true	TRUE	TRUE	TRUE
Ochotona_princeps	15	Plant_dominant	12191025	TRUE	TRUE	true	TRUE	TRUE	TRUE
Eliomys_quercinus	0	Non_plant	51740598	TRUE	TRUE	true	TRUE	TRUE	TRUE
Sciurus_carolinensis	0	Non_plant	13975867	TRUE	TRUE	true	TRUE	TRUE	TRUE
Sciurus_vulgaris	0	Non_plant	16333633	TRUE	TRUE	true	TRUE	TRUE	TRUE
Pteromys_volans	0	Non_plant	60698384	TRUE	TRUE	true	TRUE	TRUE	TRUE
Marmota_monax	0	Plant_dominant	10671126	TRUE	TRUE	true	TRUE	TRUE	TRUE
Marmota_flaviventris	0	Plant_dominant	52587502	TRUE	TRUE	true	TRUE	TRUE	TRUE
Ctenodactylus_gundi	0	Plant_dominant	38834406	TRUE	TRUE	true	TRUE	TRUE	TRUE
Geomys_bursarius	0	Plant_dominant	11757861	TRUE	TRUE	true	TRUE	TRUE	TRUE
Castor_fiber	0	Plant_dominant	48519000	TRUE	TRUE	true	TRUE	TRUE	TRUE
Castor_canadensis	0	Plant_dominant	144908913	TRUE	TRUE	true	TRUE	TRUE	TRUE
Myospalax_psilurus	0	Non_plant	23106468	TRUE	TRUE	true	TRUE	TRUE	TRUE
Eospalax_fontanierii	0	Non_plant	59200000	TRUE	TRUE	true	TRUE	TRUE	TRUE
Acomys_cahirinus	0	Non_plant	57643754	TRUE	TRUE	true	TRUE	TRUE	TRUE
Acomys_minous	0	Non_plant	29281624	TRUE	TRUE	true	TRUE	TRUE	TRUE
Meriones_unguiculatus	0	Plant_dominant	50173090	TRUE	TRUE	true	TRUE	TRUE	TRUE
Apodemus_agrarius	0	Plant_dominant	35188814	TRUE	TRUE	true	TRUE	TRUE	TRUE
Tokudaia_muenninki	0	Plant_dominant	19740843	TRUE	TRUE	true	TRUE	TRUE	TRUE
Mus_spretus	0	Plant_dominant	10023970	TRUE	TRUE	true	TRUE	TRUE	TRUE
Mus_musculus	0	Plant_dominant	59462871	TRUE	TRUE	true	TRUE	TRUE	TRUE
Arvicanthis_niloticus	0	Non_plant	11143170	TRUE	TRUE	true	TRUE	TRUE	TRUE
Rattus_norvegicus	0	Non_plant	64250101	TRUE	TRUE	true	TRUE	TRUE	TRUE
Lemmus_lemmus	0	Plant_dominant	51466831	TRUE	TRUE	true	TRUE	TRUE	TRUE
Chionomys_nivalis	0	Non_plant	30960136	TRUE	TRUE	true	TRUE	TRUE	TRUE
Microtus_pennsylvanicus	0	Plant_dominant	63584353	TRUE	TRUE	true	TRUE	TRUE	TRUE
Microtus_oregoni	0	Plant_dominant	34833828	TRUE	TRUE	true	TRUE	TRUE	TRUE
Microtus_californicus	0	Plant_dominant	49752295	TRUE	TRUE	true	TRUE	TRUE	TRUE
Cricetus_cricetus	0	Plant_dominant	47690202	TRUE	TRUE	true	TRUE	TRUE	TRUE
Phodopus_roborovskii	0	Non_plant	25775705	TRUE	TRUE	true	TRUE	TRUE	TRUE
Phodopus_sungorus	0	Non_plant	55879606	TRUE	TRUE	true	TRUE	TRUE	TRUE
Neotoma_floridana	0	Plant_dominant	28556977	TRUE	TRUE	true	TRUE	TRUE	TRUE
Onychomys_leucogaster	0	Non_plant	19200283	TRUE	TRUE	true	TRUE	TRUE	TRUE
Onychomys_arenicola	0	Non_plant	29018958	TRUE	TRUE	true	TRUE	TRUE	TRUE
Sigmodon_hispidus	0	Non_plant	77390441	TRUE	TRUE	true	TRUE	TRUE	TRUE
Salpingotus_crassicauda	0	Non_plant	13709620	TRUE	TRUE	true	TRUE	TRUE	TRUE
Dipus_sagitta	0	Plant_dominant	28651707	TRUE	TRUE	true	TRUE	TRUE	TRUE
Jaculus_jaculus	0	Non_plant	22593140	TRUE	TRUE	true	TRUE	TRUE	TRUE
Daubentonia_madagascariensis	1	Non_plant	27954151	TRUE	TRUE	true	TRUE	TRUE	TRUE
Lemur_catta	1	Plant_dominant	32529614	TRUE	TRUE	true	TRUE	TRUE	TRUE
Microcebus_murinus	1	Plant_dominant	102817952	TRUE	TRUE	true	TRUE	TRUE	TRUE
Nycticebus_coucang	1	Non_plant	41197715	TRUE	TRUE	true	TRUE	TRUE	TRUE
Nycticebus_bengalensis	1	Non_plant	19794679	TRUE	TRUE	true	TRUE	TRUE	TRUE
Symphalangus_syndactylus	3	Plant_dominant	146713733	TRUE	TRUE	true	TRUE	TRUE	TRUE
Hylobates_pileatus	2	Plant_dominant	17385161	TRUE	TRUE	true	TRUE	TRUE	TRUE
Nomascus_leucogenys	3	Plant_dominant	102188915	TRUE	TRUE	true	TRUE	TRUE	TRUE
Pongo_pygmaeus	5	Plant_dominant	140592248	TRUE	TRUE	true	TRUE	TRUE	TRUE
Pongo_abelii	8	Plant_dominant	146197178	TRUE	TRUE	true	TRUE	TRUE	TRUE
Pan_troglodytes	3	Plant_dominant	146288486	TRUE	TRUE	true	TRUE	TRUE	TRUE
Pan_paniscus	3	Plant_dominant	147028407	TRUE	TRUE	true	TRUE	TRUE	TRUE
Gorilla_gorilla	4	Plant_dominant	150804130	TRUE	TRUE	true	TRUE	TRUE	TRUE
Trachypithecus_germaini	4	Plant_dominant	55907425	TRUE	TRUE	true	TRUE	TRUE	TRUE
Trachypithecus_francoisi	2	Plant_dominant	16182741	TRUE	TRUE	true	TRUE	TRUE	TRUE
Trachypithecus_shortridgei	4	Plant_dominant	50335884	TRUE	TRUE	true	TRUE	TRUE	TRUE
Colobus_guereza	3	Plant_dominant	15612012	TRUE	TRUE	true	TRUE	TRUE	TRUE
Macaca_fascicularis	13	Non_plant	162126771	TRUE	TRUE	true	TRUE	TRUE	TRUE
Macaca_mulatta	4	Plant_dominant	162285572	TRUE	TRUE	true	TRUE	TRUE	TRUE
Macaca_nigra	4	Plant_dominant	60712129	TRUE	TRUE	true	TRUE	TRUE	TRUE
Macaca_assamensis	5	Plant_dominant	27348716	TRUE	TRUE	true	TRUE	TRUE	TRUE
Macaca_nemestrina	4	Plant_dominant	40835442	TRUE	TRUE	true	TRUE	TRUE	TRUE
Macaca_silenus	2	Plant_dominant	25691658	TRUE	TRUE	true	TRUE	TRUE	TRUE
Papio_hamadryas	3	Plant_dominant	24989958	TRUE	TRUE	true	TRUE	TRUE	TRUE
Erythrocebus_patas	4	Plant_dominant	18747272	TRUE	TRUE	true	TRUE	TRUE	TRUE
Callithrix_jacchus	1	Non_plant	137132494	TRUE	TRUE	true	TRUE	TRUE	TRUE
Leontopithecus_rosalia	1	Non_plant	54097536	TRUE	TRUE	true	TRUE	TRUE	TRUE
Saguinus_midas	1	Non_plant	10987047	TRUE	TRUE	true	TRUE	TRUE	TRUE
Saguinus_oedipus	1	Non_plant	91852676	TRUE	TRUE	true	TRUE	TRUE	TRUE
Saimiri_boliviensis	1	Non_plant	69222429	TRUE	TRUE	true	TRUE	TRUE	TRUE
Cebus_albifrons	1	Non_plant	18502463	TRUE	TRUE	true	TRUE	TRUE	TRUE
Ateles_geoffroyi	1	Plant_dominant	29212752	TRUE	TRUE	true	TRUE	TRUE	TRUE
Ateles_hybridus	1	Plant_dominant	50515269	TRUE	TRUE	true	TRUE	TRUE	TRUE
Brachyteles_arachnoides	1	Plant_dominant	58885235	TRUE	TRUE	true	TRUE	TRUE	TRUE
Cynocephalus_volans	1	Plant_dominant	69195939	TRUE	TRUE	true	TRUE	TRUE	TRUE
Choloepus_didactylus	1	Plant_dominant	20994632	TRUE	TRUE	true	TRUE	TRUE	TRUE
Dasypus_novemcinctus	1	Non_plant	14295626	TRUE	TRUE	true	TRUE	TRUE	TRUE
