species	assembly
Amblysomus_hottentotus	Amblysomus_hottentotus__Hottentot_golden_mole__HLambHott1A__GCA_054824725.1
Tenrec_ecaudatus	Tenrec_ecaudatus__Tailless_tenrec__HLtenEca1A
Tenrec_ecaudatus	Tenrec_ecaudatus__Tailless_tenrec__HLtenEca1B
Tenrec_ecaudatus	Tenrec_ecaudatus__Tailless_tenrec__HLtenEcau2A__GCF_050624435.1
Tenrec_ecaudatus	Tenrec_ecaudatus__Tailless_tenrec__HLtenEcau2B__GCA_050624465.1
Heterohyrax_brucei	Heterohyrax_brucei__yellow-spotted_hyrax__HLhetBru2__GCA_028571685.1
Rhynchocyon_petersi	Rhynchocyon_petersi__Black_and_rufous_elephant_shrew__HLrhyPet1A__GCA_043290085.1
Rhynchocyon_petersi	Rhynchocyon_petersi__Black_and_rufous_elephant_shrew__HLrhyPet1B__GCA_043290065.1
Elephas_maximus	Elephas_maximus_indicus__Asiatic_elephant__HLeleMax2__GCA_024166365.1
Elephas_maximus	Elephas_maximus_indicus__Asiatic_elephant__HLeleMaxInd3A__GCF_024166365.1
Loxodonta_africana	Loxodonta_africana__African_savanna_elephant__HLloxAfr5A__GCA_030014295.1
Loxodonta_africana	Loxodonta_africana__African_savanna_elephant__HLloxAfr5B__GCA_030020305.1
Dugong_dugon	Dugong_dugon__Dugong__HLdugDugo3A__GCA_030035585.1
Trichechus_inunguis	Trichechus_inunguis__Amazon_manatee__HLtriInu1A__GCA_046562895.1
Trichechus_inunguis	Trichechus_inunguis__Amazon_manatee__HLtriInu1B__GCA_046562985.1
Orycteropus_afer	Orycteropus_afer__Aardvark__HLoryAfer3A__GCA_054668785.1
Cynocephalus_volans	Cynocephalus_volans__Philippine_flying_lemur__HLcynVol1__GCA_027409185.1
Lepus_capensis	Lepus_capensis__Brown_hare__HLlepCap1__GCA_042027585.1
Lepus_castroviejoi	Lepus_castroviejoi__Broom_Hare__HLlepCast1__GCA_978442995.1
Lepus_europaeus	Lepus_europaeus__European_hare__HLlepEur1__GCF_033115175.1
Lepus_oiostolus	Lepus_oiostolus__Woolly_hare__HLlepOio1__GCA_036325905.1
Lepus_timidus	Lepus_timidus__Mountain_hare__HLlepTimi2__GCA_040893245.2
Lepus_tolai	Lepus_tolai__Tolai_hare__HLlepTola1__GCA_051942805.1
Lepus_yarkandensis	Lepus_yarkandensis__Yarkand_hare__HLlepYar1__GCA_047496845.1
Oryctolagus_cuniculus	Oryctolagus_cuniculus__Rabbit__HLoryCuni5__GCF_964237555.1
Oryctolagus_cuniculus	Oryctolagus_cuniculus__Rabbit__HLoryCuni6__GCA_051225735.1
Sylvilagus_floridanus	Sylvilagus_floridanus__eastern_cottontail__HLsylFlo1__GCA_949820135.1
Ochotona_argentata	Ochotona_argentata__Helan_Shan_pika__HLochArge1__GCA_051943095.1
Ochotona_princeps	Ochotona_princeps__American_pika__HLochPri4__GCF_030435755.1
Castor_canadensis	Castor_canadensis__American_beaver__HLcasCan3
Castor_canadensis	Castor_canadensis__American_beaver__HLcasCana4A__GCA_047511655.2
Castor_canadensis	Castor_canadensis__American_beaver__HLcasCana5__GCA_001984765.2
Castor_fiber	Castor_fiber__Eurasian_beaver__HLcasFibe1__GCA_977036005.1
Geomys_bursarius	Geomys_bursarius__Plains_pocket_gopher__HLgeoBur1__GCA_040207655.1
Thomomys_bottae	Thomomys_bottae__Bottas_pocket_gopher__HLthoBot2A__GCA_031878675.1
Thomomys_bottae	Thomomys_bottae__Bottas_pocket_gopher__HLthoBot2B__GCA_031878665.1
Dipodomys_merriami	Dipodomys_merriami__Merriams_kangaroo_rat__HLdipMer1__GCA_024711535.1
Dipodomys_spectabilis	Dipodomys_spectabilis__banner-tailed_kangaroo_rat__HLdipSpe1__GCF_019054845.1
Perognathus_longimembris	Perognathus_longimembris_pacificus__Pacific_pocket_mouse__HLperLonPac2__GCF_023159225.1
Ctenodactylus_gundi	Ctenodactylus_gundi__Northern_gundi__HLcteGund2A__GCA_048771875.1
Orientallactaga_sibirica	Orientallactaga_sibirica__Mongolian_five-toed_jerboa__HLoriSib2__GCA_041429955.1
Salpingotus_crassicauda	Salpingotus_crassicauda__Thick-tailed_pygmy_jerboa__HLsalCra1__GCA_040869305.1
Dipus_sagitta	Dipus_sagitta__northern_three-toed_jerboa__HLdipSag1__GCA_036346955.1
Jaculus_jaculus	Jaculus_jaculus__lesser_Egyptian_jerboa__HLjacJac2__GCA_020740685.1
Sicista_trizona	Sicista_trizona__Hungarian_birch_mouse__HLsicTriz1A__GCA_982266845.1
Alexandromys_fortis	Alexandromys_fortis__Reed_vole__HLaleFor1__GCF_014885135.2
Alexandromys_oeconomus	Alexandromys_oeconomus__Root_vole__HLaleOec1__GCA_963919705.1
Alexandromys_fortis	Alexandromys_fortis__reed_vole__HLmicFor1__GCA_014885135.1
Arvicola_amphibius	Arvicola_amphibius__Eurasian_water_mole__HLarvAmp1__GCA_903992535.1
Chionomys_nivalis	Chionomys_nivalis__European_snow_vole__HLchiNiv1__GCF_950005125.1
Clethrionomys_rutilus	Clethrionomys_rutilus__Northern_red-backed_vole__HLcleRut1__GCA_040207285.1
Lasiopodomys_brandtii	Lasiopodomys_brandtii__Brandts_vole__HLlasBran1__GCA_052819205.1
Lasiopodomys_mandarinus	Lasiopodomys_mandarinus__Mandarin_vole__HLlasMand1__GCA_052819315.1
Lemmus_lemmus	Lemmus_lemmus__Norway_lemming__HLlemLemm1__GCA_964027135.1
Microtus_agrestis	Microtus_agrestis__short-tailed_field_vole__HLmicAgr2__GCA_902806775.1
Microtus_californicus	Microtus_californicus__California_vole__HLmicCal1A__GCA_028537955.1
Microtus_californicus	Microtus_californicus__California_vole__HLmicCal1B__GCA_028537755.1
Microtus_oregoni	Microtus_oregoni__creeping_vole__HLmicOre1__GCF_018167655.1
Microtus_pennsylvanicus	Microtus_pennsylvanicus__Meadow_vole__HLmicPen1A__GCA_037038515.1
Microtus_pennsylvanicus	Microtus_pennsylvanicus__Meadow_vole__HLmicPen1B__GCA_037039175.1
Microtus_richardsoni	Microtus_richardsoni_arvicoloides__water_vole__HLmicRicArv1__GCA_020387435.1
Neodon_fuscus	Neodon_fuscus__Smokey_vole__HLneoFus1__GCA_047571435.1
Neodon_shergylaensis	Neodon_shergylaensis__Shergyla_mountain_vole__HLneoShe1__GCA_025134845.1
Ondatra_zibethicus	Ondatra_zibethicus__muskrat__HLondZib1__GCA_004026605.1
Cricetulus_griseus	Cricetulus_griseus__Chinese_hamster__HLcriGri3__GCA_003668045.1
Cricetus_cricetus	Cricetus_cricetus__Black-bellied_hamster__HLcriCri1__GCA_964304595.1
Mesocricetus_auratus	Mesocricetus_auratus__golden_hamster__HLmesAur3__GCF_017639785.1
Phodopus_roborovskii	Phodopus_roborovskii__desert_hamster__HLphoRob1__GCA_943737965.1
Phodopus_sungorus	Phodopus_sungorus__winter_white_dwarf_hamster__HLphoSun2__GCA_030556225.1
Neotoma_floridana	Neotoma_floridana__Eastern_woodrat__HLneoFlor1A__GCA_050000055.1
Onychomys_arenicola	Onychomys_arenicola__Chihuahuan_grasshopper_mouse__HLonyAre1A__GCA_949786405.1
Onychomys_arenicola	Onychomys_arenicola__Chihuahuan_grasshopper_mouse__HLonyAre1B__GCA_949786425.1
Onychomys_leucogaster	Onychomys_leucogaster__Northern_grasshopper_mouse__HLonyLeu1__GCA_949786385.1
Onychomys_torridus	Onychomys_torridus__southern_grasshopper_mouse__HLonyTor1__GCA_903995425.1
Peromyscus_eremicus	Peromyscus_eremicus__Cactus_mouse__HLperErem2__GCF_949786415.1
Peromyscus_leucopus	Peromyscus_leucopus__white-footed_mouse__HLperLeu1__GCA_004664715.1
Peromyscus_californicus	Peromyscus_californicus_insignis__California_mouse__HLperCal2__GCA_007827085.2
Peromyscus_californicus	Peromyscus_californicus_insignis__California_mouse__HLperCalIns3__GCF_007827085.1
Peromyscus_maniculatus	Peromyscus_maniculatus_sonoriensis__North_American_deer_mouse__HLperManSon3__GCA_026229955.1
Peromyscus_maniculatus	Peromyscus_maniculatus_bairdii__Prairie_deer_mouse__HLperManiBai4__GCF_049852395.1
Reithrodontomys_megalotis	Reithrodontomys_megalotis_longicaudus__Western_harvest_mouse__HLreiMegLon1__GCA_043882965.1
Scotinomys_teguina	Scotinomys_teguina__Alstons_brown_mouse__HLscoTegu1__GCA_049901635.1
Phyllotis_vaccarum	Phyllotis_vaccarum__Punta_de_Vaca_leaf-eared_mouse__HLphyVac1__GCA_033318265.1
Sigmodon_hispidus	Sigmodon_hispidus__Hispid_cotton_rat__HLsigHis2__GCA_041721565.1
Sigmodon_hispidus	Sigmodon_hispidus__Hispid_cotton_rat__HLsigHisp3__GCA_047301775.1
Acomys_cahirinus	Acomys_cahirinus__Egyptian_spiny_mouse__HLacoCah2
Acomys_dimidiatus	Acomys_dimidiatus__Eastern_spiny_mouse__HLacoDim1__GCA_907164435.1
Acomys_kempi	Acomys_kempi__Kemps_spiny_mouse__HLacoKem1__GCA_907164505.1
Acomys_minous	Acomys_minous__Crete_spiny_mouse__HLacoMin1__GCA_964271855.1
Acomys_percivali	Acomys_percivali__Percivals_spiny_mouse__HLacoPer1__GCA_907169655.1
Acomys_russatus	Acomys_russatus__golden_spiny_mouse__HLacoRus1__GCA_903995435.1
Meriones_psammophilus	Meriones_psammophilus__Rodents__HLmerPsa1__GCA_036365155.1
Meriones_unguiculatus	Meriones_unguiculatus__Mongolian_gerbil__HLmerUng2__GCF_030254825.1
Pachyuromys_duprasi	Pachyuromys_duprasi__fat-tailed_gerbil__HLpacDup1
Psammomys_obesus	Psammomys_obesus__fat_sand_rat__HLpsaObe1__GCA_002215935.2
Apodemus_agrarius	Apodemus_agrarius__Eurasian_field_mouse__HLapoAgr1__GCA_964023405.1
Apodemus_speciosus	Apodemus_speciosus__Large_Japanese_field_mouse__HLapoSpe1__GCA_045298715.1
Apodemus_sylvaticus	Apodemus_sylvaticus__European_woodmouse__HLapoSyl2__GCF_947179515.1
Arvicanthis_niloticus	Arvicanthis_niloticus__African_grass_rat__HLarvNil1__GCA_011762505.1
Arvicanthis_niloticus	Arvicanthis_niloticus__Nile_rat__HLarvNilo2__GCF_011762505.2
Grammomys_surdaster	Grammomys_surdaster__African_woodland_thicket_rat__HLgraSur1__GCA_004785775.1
Mastacomys_fuscus	Mastacomys_fuscus__broad-toothed_rat__HLmasFus1
Micromys_minutus	Micromys_minutus__European_harvest_mouse__HLmicMin1__GCA_963924665.1
Mus_musculus	Mus_musculus__House_mouse__HLmusMusc41__GCA_949316315.1
Mus_spretus	Mus_spretus__Western_wild_mouse__HLmusSpr2__GCA_921997135.2
Mus_musculus	Mus_musculus__house_mouse__mm10__GCF_000001635.20
Mus_musculus	Mus_musculus__house_mouse__mm39__GCF_000001635.27
Mus_musculus	Mus_musculus_molossinus__Japanese_wild_mouse__HLmusMusMol40__GCA_921999095.1
Mus_minutoides	Mus_minutoides__Southern_African_pygmy_mouse__HLmusMin1__GCA_902729475.2
Pseudomys_desertor	Pseudomys_desertor__brown_desert_mouse__HLpseDes1
Rattus_norvegicus	Rattus_norvegicus__Norway_rat__HLratNor8__GCF_036323735.1
Rattus_rattus	Rattus_rattus__black_rat__HLratRat7__GCA_011064425.1
Rattus_norvegicus	Rattus_norvegicus__Norway_rat__rn7__GCF_015227675.2
Rhabdomys_dilectus	Rhabdomys_dilectus__mesic_four-striped_grass_rat__HLrhaDil1__GCA_019844195.1
Rhabdomys_pumilio	Rhabdomys_pumilio__Four-striped_grass_mouse__HLrhaPum1__GCA_030674055.1
Rhynchomys_soricoides	Rhynchomys_soricoides__Mount_Data_shrew_rat__HLrhySor1__GCA_019843965.1
Tokudaia_muenninki	Tokudaia_muenninki__Okinawa_island_spiny_rat__HLtokMue1__GCA_036184385.1
Tokudaia_tokunoshimensis	Tokudaia_tokunoshimensis__Tokunoshima_spiny_rat__HLtokTok1__GCA_036184795.1
Uromys_caudimaculatus	Uromys_caudimaculatus__giant_uromys__HLuroCau1
Cricetomys_ansorgei	Cricetomys_ansorgei__southern_giant_pouched_rat__HLcriAns1
Typhlomys_cinereus	Typhlomys_cinereus__Soft-furred_tree_mouse__HLtypCin1__GCA_023101885.1
Eospalax_fontanierii	Eospalax_fontanierii__Chinese_zokor__HLeosFon1__GCA_035773235.1
Myospalax_psilurus	Myospalax_psilurus__Transbaikal_zokor__HLmyoPsil1__GCA_049190895.1
Eliomys_quercinus	Eliomys_quercinus__garden_dormouse__HLeliQue1A__GCA_051143605.1
Eliomys_quercinus	Eliomys_quercinus__garden_dormouse__HLeliQue1B__GCA_051143595.1
Pteromys_volans	Pteromys_volans__Siberian_flying_squirrel__HLpteVola1__GCA_051107445.1
Sciurus_carolinensis	Sciurus_carolinensis__gray_squirrel__HLsciCar1__GCA_902686445.1
Sciurus_vulgaris	Sciurus_vulgaris__Eurasian_red_squirrel__HLsciVul1__GCA_902686455.1
Callospermophilus_lateralis	Callospermophilus_lateralis__Golden-mantled_ground_squirrel__HLcalLat1A__GCA_048772815.1
Callospermophilus_lateralis	Callospermophilus_lateralis__Golden-mantled_ground_squirrel__HLcalLat1B__GCA_048772825.1
Cynomys_gunnisoni	Cynomys_gunnisoni__Gunnisons_prairie_dog__HLcynGun1__GCA_011316645.1
Cynomys_ludovicianus	Cynomys_ludovicianus__Black-tailed_prairie_dog__HLcynLudo1__GCA_052576455.1
Ictidomys_tridecemlineatus	Ictidomys_tridecemlineatus__Thirteen-lined_ground_squirrel__HLictTrid4A__GCA_052094955.1
Ictidomys_tridecemlineatus	Ictidomys_tridecemlineatus__Thirteen-lined_ground_squirrel__HLictTrid4B__GCA_052094965.1
Marmota_flaviventris	Marmota_flaviventris__yellow-bellied_marmot__HLmarFla1__GCA_003676075.2
Marmota_flaviventris	Marmota_flaviventris__Yellow-bellied_marmot__HLmarFlav2A__GCF_047511675.1
Marmota_flaviventris	Marmota_flaviventris__Yellow-bellied_marmot__HLmarFlav2B__GCA_047512175.1
Marmota_himalayana	Marmota_himalayana__Himalayan_marmot__HLmarHim1__GCA_005280165.1
Marmota_monax	Marmota_monax__woodchuck__HLmarMon3__GCA_021218885.1
Spermophilus_citellus	Spermophilus_citellus__European_suslik__HLspeCit1__GCA_964194105.1
Tamias_sibiricus	Tamias_sibiricus__Siberian_chipmunk__HLtamSib1__GCA_025594165.1
Tamias_sibiricus	Tamias_sibiricus__Siberian_chipmunk__HLtamSibi2__GCA_047496905.1
Urocitellus_parryii	Urocitellus_parryii__Arctic_ground_squirrel__HLuroPar1__GCA_003426925.1
Urocitellus_parryii	Urocitellus_parryii__Arctic_ground_squirrel__HLuroPar2A__GCA_045843805.1
Urocitellus_parryii	Urocitellus_parryii__Arctic_ground_squirrel__HLuroPar2B__GCA_045843765.1
Chlorocebus_sabaeus	Chlorocebus_sabaeus__green_monkey__HLchlSab3__GCF_015252025.1
Erythrocebus_patas	Erythrocebus_patas__red_guenon__HLeryPat3__GCA_023783455.1
Macaca_assamensis	Macaca_assamensis__Assam_macaque__HLmacAss1__GCA_023783095.1
Macaca_cyclopis	Macaca_cyclopis__Taiwan_macaque__HLmacCyc1__GCA_026956025.1
Macaca_fascicularis	Macaca_fascicularis__crab-eating_macaque__HLmacFas7__GCF_012559485.2
Macaca_fascicularis	Macaca_fascicularis__Crab-eating_macaque__HLmacFas8__GCF_037993035.1
Macaca_mulatta	Macaca_mulatta__Rhesus_monkey__HLmacMula11__GCF_049350105.2
Macaca_nemestrina	Macaca_nemestrina__Pig-tailed_macaque__HLmacNeme2A__GCF_043159975.1
Macaca_nigra	Macaca_nigra__Celebes_crested_macaque__HLmacNir1__GCA_928851695.1
Macaca_silenus	Macaca_silenus__liontail_macaque__HLmacSil1__GCA_023807365.1
Papio_anubis	Papio_anubis__olive_baboon__HLpapAnu5__GCA_008728515.1
Papio_anubis	Papio_anubis__olive_baboon__HLpapAnu6__GCA_008728515.2
Papio_hamadryas	Papio_hamadryas__hamadryas_baboon__HLpapHam2__GCA_023781915.1
Colobus_guereza	Colobus_guereza__mantled_guereza__HLcolGue1__GCA_021498455.1
Colobus_guereza	Colobus_guereza__Mantled_guereza__HLcolGuer2__GCA_030247045.1
Rhinopithecus_bieti	Rhinopithecus_bieti__Black-and-white_snub-nosed_monkey__HLrhiBiet3
Rhinopithecus_roxellana	Rhinopithecus_roxellana__golden_snub-nosed_monkey__HLrhiRox2__GCA_007565055.1
Trachypithecus_francoisi	Trachypithecus_francoisi__Francoiss_langur__HLtraFra1__GCA_009764315.1
Trachypithecus_germaini	Trachypithecus_germaini__Indochinese_lutung__HLtraGer1__GCA_047047975.1
Trachypithecus_shortridgei	Trachypithecus_shortridgei__Shortridges_langur__HLtraShor1__GCA_054345695.1
Trachypithecus_phayrei	Trachypithecus_phayrei_crepuscula__Phayres_leaf_monkey__HLtraPhaCre1__GCA_023762245.1
Gorilla_gorilla	Gorilla_gorilla__western_gorilla__HLgorGor7__GCA_029281585.3
Gorilla_gorilla	Gorilla_gorilla_gorilla__western_lowland_gorilla__gorGor6__GCF_008122165.1
Pan_paniscus	Pan_paniscus__pygmy_chimpanzee__HLpanPan4__GCA_029289425.3
Pan_troglodytes	Pan_troglodytes__chimpanzee__HLpanTro7__GCA_028858775.2
Pan_troglodytes	Pan_troglodytes__chimpanzee__panTro6__GCF_002880755.1
Pongo_abelii	Pongo_abelii__Sumatran_orangutan__HLponAbe4__GCA_028885655.2
Pongo_pygmaeus	Pongo_pygmaeus__Bornean_orangutan__HLponPyg1__GCA_023767775.1
Pongo_pygmaeus	Pongo_pygmaeus__Bornean_orangutan__HLponPyg2__GCA_028885625.2
Pongo_abelii	Pongo_abelii__Sumatran_orangutan__ponAbe3__GCF_002880775.1
Hoolock_leuconedys	Hoolock_leuconedys__eastern_hoolock_gibbon__HLhooLeu1__GCA_023748175.1
Hylobates_pileatus	Hylobates_pileatus__pileated_gibbon__HLhylPil1__GCA_021498465.1
Nomascus_leucogenys	Nomascus_leucogenys__northern_white-cheeked_gibbon__HLnomLeu4__GCA_006542625.1
Nomascus_leucogenys	Nomascus_leucogenys__Northern_white-cheeked_gibbon__HLnomLeuc5__GCA_040113115.1
Symphalangus_syndactylus	Symphalangus_syndactylus__siamang__HLsymSyn3__GCF_028878055.1
Symphalangus_syndactylus	Symphalangus_syndactylus__siamang__HLsymSyn4__GCA_028878055.3
Ateles_fusciceps	Ateles_fusciceps__Brown-headed_spider_monkey__HLateFus1__GCA_036589455.2
Ateles_geoffroyi	Ateles_geoffroyi__black-handed_spider_monkey__HLateGeo2__GCA_023783555.1
Ateles_hybridus	Ateles_hybridus__brown_spider_monkey__HLateHyb1__GCA_916098195.1
Brachyteles_arachnoides	Brachyteles_arachnoides__Woolly_spider_monkey__HLbraAra1__GCA_047496155.1
Callithrix_jacchus	Callithrix_jacchus__white-tufted-ear_marmoset__HLcalJac5__GCF_011100555.1
Callithrix_jacchus	Callithrix_jacchus__White-tufted-ear_marmoset__HLcalJacc6__GCA_049354715.1
Callithrix_jacchus	Callithrix_jacchus__white-tufted-ear_marmoset__calJac4__GCF_009663435.1
Leontopithecus_rosalia	Leontopithecus_rosalia__Golden_lion_tamarin__HLleoRosa2A__GCA_054824895.1
Saguinus_midas	Saguinus_midas__Midas_tamarin__HLsagMid1__GCA_021498475.1
Saguinus_oedipus	Saguinus_oedipus__Cotton-top_tamarin__HLsagOed1__GCA_031835075.1
Cebus_albifrons	Cebus_albifrons__white-fronted_capuchin__HLcebAlb2__GCA_023783575.1
Sapajus_apella	Sapajus_apella__tufted_capuchin__HLsapApe3__GCA_023762875.2
Saimiri_boliviensis	Saimiri_boliviensis__Bolivian_squirrel_monkey__HLsaiBoli4__GCA_048565385.1
Saimiri_boliviensis	Saimiri_boliviensis_boliviensis__Bolivian_squirrel_monkey__HLsaiBolBol2__GCF_016699345.1
Saimiri_boliviensis	Saimiri_boliviensis_boliviensis__Bolivian_squirrel_monkey__HLsaiBolBol3__GCF_016699345.2
Plecturocebus_cupreus	Plecturocebus_cupreus__Coppery_titi__HLpleCup1__GCA_040437455.1
Plecturocebus_grovesi	Plecturocebus_grovesi__Alta_Floresta_titi_monkey__HLpleGro1__GCA_963574625.1
Cephalopachus_bancanus	Cephalopachus_bancanus__Horsfields_tarsier__HLcepBan1__GCA_027257055.1
Daubentonia_madagascariensis	Daubentonia_madagascariensis__aye-aye__HLdauMad1__GCA_004027145.1
Daubentonia_madagascariensis	Daubentonia_madagascariensis__aye-aye__HLdauMad2__GCA_023783475.1
Microcebus_murinus	Microcebus_murinus__Gray_mouse_lemur__HLmicMuri4A__GCF_040939455.1
Microcebus_murinus	Microcebus_murinus__gray_mouse_lemur__micMur3__GCF_000165445.2
Mirza_zaza	Mirza_zaza__Northern_giant_mouse_lemur__HLmirZaz1__GCA_008750895.1
Eulemur_flavifrons	Eulemur_flavifrons__Sclaters_lemur__HLeulFla1
Eulemur_rufifrons	Eulemur_rufifrons__Bennetts_brown_lemur__HLeulRuf1__GCA_041146395.1
Lemur_catta	Lemur_catta__Ring-tailed_lemur__HLlemCat1__GCA_004024665.1
Lemur_catta	Lemur_catta__Ring-tailed_lemur__HLlemCat2__GCF_020740605.2
Loris_tardigradus	Loris_tardigradus__slender_loris__HLlorTar1__GCA_023783135.1
Nycticebus_bengalensis	Nycticebus_bengalensis__Bengal_slow_loris__HLnycBen1__GCA_023898255.1
Nycticebus_coucang	Nycticebus_coucang__slow_loris__HLnycCou2__GCF_027406575.1
Xanthonycticebus_pygmaeus	Xanthonycticebus_pygmaeus__pygmy_slow_loris__HLxanPyg1
Tupaia_chinensis	Tupaia_chinensis__Chinese_tree_shrew__HLtupChi2__GCA_033439345.1
Tupaia_tana	Tupaia_tana__large_tree_shrew__HLtupTan1__GCA_026018925.1
Pantholops_hodgsonii	Pantholops_hodgsonii__Chiru__HLpanHodg2__GCA_040182635.1
Bison_bonasus	Bison_bonasus__European_bison__HLbisBon1__GCA_963879515.1
Bos_javanicus	Bos_javanicus__banteng__HLbosJav1__GCF_032452875.1
Bos_taurus	Bos_taurus__cattle__HLbosTau10__GCF_002263795.3
Bos_taurus	Bos_taurus__cattle__bosTau9__GCF_002263795.1
Bubalus_bubalis	Bubalus_bubalis__water_buffalo__HLbubBub2__GCA_003121395.1
Bubalus_kerabau	Bubalus_kerabau__carabao__HLbubKer1__GCF_029407905.1
Budorcas_taxicolor	Budorcas_taxicolor__takin__HLbudTax1__GCA_023091745.1
Capra_hircus	Capra_hircus__goat__HLcapHir2__GCA_001704415.1
Capra_hircus	Capra_hircus__Goat__HLcapHirc3__GCA_041735815.1
Capra_ibex	Capra_ibex__Alpine_ibex__HLcapIbex2__GCA_054642885.1
Capra_nubiana	Capra_nubiana__Nubian_ibex__HLcapNubi1A__GCA_054855995.1
Capricornis_sumatraensis	Capricornis_sumatraensis__Sumatran_serow__HLcapSum1__GCF_032405125.1
Ovis_aries	Ovis_aries__Sheep__HLoviArie7__GCA_040805955.1
Ovis_canadensis	Ovis_canadensis__Bighorn_sheep__HLoviCana3__GCF_042477335.2
Rupicapra_rupicapra	Rupicapra_rupicapra__Chamois__HLrupRup1__GCA_963981305.1
Cephalophula_zebra	Cephalophula_zebra__Zebra_duiker__HLcepZebr1A__GCA_054099735.1
Axis_porcinus	Axis_porcinus__Hog_deer__HLaxiPorc2A__GCA_054883215.1
Cervus_elaphus	Cervus_elaphus__red_deer__HLcerEla2__GCF_910594005.1
Cervus_nippon	Cervus_nippon__Sika_deer__HLcerNip1__GCA_040085125.1
Cervus_albirostris	Cervus_albirostris__White-lipped_deer__HLprzAlb2__GCA_046563475.1
Dama_dama	Dama_dama__fallow_deer__HLdamDam1__GCF_033118175.1
Muntiacus_crinifrons	Muntiacus_crinifrons__black_muntjac__HLmunCri2__GCA_020276665.1
Muntiacus_gongshanensis	Muntiacus_gongshanensis__Gongshanensis_muntjac__HLmunGon1__GCA_020226025.1
Muntiacus_vaginalis	Muntiacus_vaginalis__Northern_red_muntjac__HLmunVag1__GCA_039877825.1
Capreolus_capreolus	Capreolus_capreolus__Western_roe_deer__HLcapCap1__GCA_951849835.1
Moschus_berezovskii	Moschus_berezovskii__Chinese_forest_musk_deer__HLmosBere4__GCA_049115385.1
Phacochoerus_africanus	Phacochoerus_africanus__Common_warthog__HLphaAfr1__GCA_016906955.1
Sus_scrofa	Sus_scrofa__Pig__HLsusScro12__GCA_048338725.1
Camelus_dromedarius	Camelus_dromedarius__Arabian_camel__HLcamDro2__GCA_000803125.3
Camelus_dromedarius	Camelus_dromedarius__Arabian_camel__HLcamDro3A__GCF_036321535.1
Camelus_dromedarius	Camelus_dromedarius__Arabian_camel__HLcamDro3B__GCA_036321565.1
Camelus_ferus	Camelus_ferus__Wild_Bactrian_camel__HLcamFer3__GCA_009834535.1
Lama_glama	Lama_glama_chaku__llama__HLlamGlaCha1__GCA_013239585.1
Vicugna_pacos	Vicugna_pacos__Alpaca__HLvicPaco5__GCF_048564905.1
Vicugna_pacos	Vicugna_pacos_huacaya__alpaca__HLvicPacHua3__GCA_000767525.1
Vicugna_vicugna	Vicugna_vicugna_mensalis__vicugna__HLvicVicMen1__GCA_013265495.1
Hexaprotodon_liberiensis	Hexaprotodon_liberiensis__pygmy_hippopotamus__HLhexLib1__GCA_023065765.1
Eubalaena_glacialis	Eubalaena_glacialis__North_Atlantic_right_whale__HLeubGla2__GCF_028564815.1
Balaenoptera_edeni	Balaenoptera_edeni__Edens_whale__HLbalEden2__GCA_052818205.1
Balaenoptera_musculus	Balaenoptera_musculus__Blue_whale__HLbalMus2__GCF_009873245.2
Balaenoptera_physalus	Balaenoptera_physalus__Fin_whale__HLbalPhy3__GCA_023338255.1
Balaenoptera_ricei	Balaenoptera_ricei__Rices_whale__HLbalRic2__GCF_028023285.1
Megaptera_novaeangliae	Megaptera_novaeangliae__Humpback_whale__HLmegNova3__GCA_041834305.1
Eschrichtius_robustus	Eschrichtius_robustus__grey_whale__HLescRob3__GCA_028021215.1
Delphinus_delphis	Delphinus_delphis__saddleback_dolphin__HLdelDel2__GCA_030062865.1
Delphinus_delphis	Delphinus_delphis__Saddleback_dolphin__HLdelDelp3__GCA_030062865.2
Grampus_griseus	Grampus_griseus__Rissos_dolphin__HLgraGris2A__GCA_964374135.1
Orcinus_orca	Orcinus_orca__killer_whale__HLorcOrc3__GCA_937001465.1
Peponocephala_electra	Peponocephala_electra__Melon-headed_whale__HLpepElec2A__GCA_051427945.1
Pseudorca_crassidens	Pseudorca_crassidens__False_killer_whale__HLpseCra2A__GCF_039906515.1
Tursiops_truncatus	Tursiops_truncatus__common_bottlenose_dolphin__HLturTru5__GCF_011762595.1
Inia_geoffrensis	Inia_geoffrensis__Boutu__HLiniGeo2A__GCA_036417435.1
Inia_geoffrensis	Inia_geoffrensis__Boutu__HLiniGeo2B__GCA_036417475.1
Delphinapterus_leucas	Delphinapterus_leucas__beluga_whale__HLdelLeu4__GCA_035221355.1
Monodon_monoceros	Monodon_monoceros__narwhal__HLmonMon2__GCA_005190385.3
Neophocaena_sunameri	Neophocaena_sunameri__East_Asian_finless_porpoise__HLneoAsiSun2__GCA_026225855.1
Phocoena_phocoena	Phocoena_phocoena__harbor_porpoise__HLphoPho3__GCA_963924675.1
Phocoena_sinus	Phocoena_sinus__vaquita__HLphoSin1__GCA_008692025.1
Kogia_breviceps	Kogia_breviceps__pygmy_sperm_whale__HLkogBre3__GCF_026419965.1
Kogia_sima	Kogia_sima__dwarf_sperm_whale__HLkogSim1
Mesoplodon_densirostris	Mesoplodon_densirostris__Blainvilles_beaked_whale__HLmesDen2__GCA_025265405.1
Canis_aureus	Canis_aureus__Golden_jackal__HLcanAure1__GCF_053574225.1
Canis_latrans	Canis_latrans__Coyote__HLcanLat1__GCA_034620425.1
Canis_lupus	Canis_lupus__Gray_wolf__HLcanLup8__GCA_905319855.2
Canis_lupus	Canis_lupus_baileyi__Mexican_gray_wolf__HLcanLupBai8A__GCF_048164855.1
Canis_lupus	Canis_lupus_dingo__dingo__HLcanLupDin2
Canis_lupus	Canis_lupus_familiaris__Dog__HLcanLupFam7__GCF_014441545.1
Canis_lupus	Canis_lupus_familiaris__dog__canFam4__GCA_011100685.1
Canis_lupus	Canis_lupus_familiaris__dog__canFam5__GCA_005444595.1
Canis_lupus	Canis_lupus_familiaris__dog__canFam6__GCF_000002285.5
Lycaon_pictus	Lycaon_pictus__African_hunting_dog__HLlycPic3
Lycaon_pictus	Lycaon_pictus__African_hunting_dog__HLlycPict4A__GCA_040955705.1
Nyctereutes_procyonoides	Nyctereutes_procyonoides__raccoon_dog__HLnycPro4__GCA_905146905.1
Otocyon_megalotis	Otocyon_megalotis__bat-eared_fox__HLotoMeg2
Urocyon_cinereoargenteus	Urocyon_cinereoargenteus__Gray_fox__HLuroCin1__GCA_032313775.1
Urocyon_littoralis	Urocyon_littoralis_catalinae__Santa_Catalina_Island_fox__HLuroLitCat1
Vulpes_corsac	Vulpes_corsac__Corsac_fox__HLvulCor1__GCA_030463245.1
Vulpes_ferrilata	Vulpes_ferrilata__Tibetan_sand_fox__HLvulFer1__GCA_024500485.1
Vulpes_lagopus	Vulpes_lagopus__Arctic_fox__HLvulLag2__GCF_018345385.1
Vulpes_vulpes	Vulpes_vulpes__Red_fox__HLvulVul3__GCA_048418805.1
Mephitis_mephitis	Mephitis_mephitis__Striped_skunk__HLmepMeph1__GCA_055769545.1
Spilogale_interrupta	Spilogale_interrupta__plains_spotted_skunk__HLspiInt1__GCA_023159085.1
Eira_barbara	Eira_barbara__Tayra__HLeirBar1__GCA_020311275.1
Gulo_gulo	Gulo_gulo_luscus__American_wolverine__HLgulGulLus2__GCA_024510155.1
Martes_flavigula	Martes_flavigula__Yellow-throated_marten__HLmarFlav2__GCA_029410595.1
Martes_foina	Martes_foina__beach_marten__HLmarFoi1
Martes_foina	Martes_foina__Beach_marten__HLmarFoin2__GCA_964304585.1
Martes_martes	Martes_martes__European_pine_marten__HLmarMart2__GCA_963455335.1
Martes_martes	Martes_martes__European_pine_marten__HLmarMat1
Pekania_pennanti	Pekania_pennanti__Fisher__HLpekPenn1__GCA_047676605.1
Aonyx_cinereus	Aonyx_cinereus__Asian_small-clawed_otter__HLaonCin1
Enhydra_lutris	Enhydra_lutris_kenyoni__sea_otter__enhLutKen1__GCF_002288905.1
Lontra_canadensis	Lontra_canadensis__Northern_American_river_otter__HLlonCan1__GCA_010015895.1
Lutra_lutra	Lutra_lutra__Eurasian_river_otter__HLlutLut1__GCA_902655055.1
Meles_meles	Meles_meles__Eurasian_badger__HLmeeMel1__GCA_922984935.1
Mustela_erminea	Mustela_erminea__ermine__HLmusErm1__GCA_009829155.1
Mustela_eversmannii	Mustela_eversmannii__Steppe_polecat__HLmusEve1__GCA_963422785.1
Mustela_lutreola	Mustela_lutreola__European_mink__HLmusLut1__GCF_030435805.1
Mustela_nivalis	Mustela_nivalis__least_weasel__HLmusNiv1__GCA_019141155.1
Mustela_nivalis	Mustela_nivalis__Least_weasel__HLmusNiva2A__GCA_964662115.1
Mustela_putorius	Mustela_putorius_furo__domestic_ferret__HLmusFur2__GCA_011764305.1
Mustela_putorius	Mustela_putorius_furo__domestic_ferret__HLmusPutFur2__GCF_011764305.1
Neogale_vison	Neogale_vison__American_mink__HLneoVis2__GCF_020171115.1
Neogale_vison	Neogale_vison__American_mink__HLneoViso3A__GCA_964106545.1
Arctocephalus_gazella	Arctocephalus_gazella__antarctic_fur_seal__HLarcGaz2__GCA_900642305.1
Arctocephalus_gazella	Arctocephalus_gazella__Antarctic_fur_seal__HLarcGaze3A__GCA_040869175.1
Eumetopias_jubatus	Eumetopias_jubatus__Steller_sea_lion__HLeumJub1__GCA_004028035.1
Zalophus_californianus	Zalophus_californianus__California_sea_lion__HLzalCal1__GCA_009762305.1
Zalophus_californianus	Zalophus_californianus__California_sea_lion__HLzalCali2__GCF_009762305.2
Hydrurga_leptonyx	Hydrurga_leptonyx__Leopard_seal__HLhydLept1__GCA_050320145.1
Mirounga_leonina	Mirounga_leonina__Southern_elephant_seal__HLmirLeo1__GCA_011800145.1
Monachus_monachus	Monachus_monachus__Mediterranean_monk_seal__HLmonMona1__GCA_976986665.1
Neomonachus_schauinslandi	Neomonachus_schauinslandi__Hawaiian_monk_seal__HLneoSch2
Neomonachus_schauinslandi	Neomonachus_schauinslandi__Hawaiian_monk_seal__neoSch1__GCF_002201575.1
Phoca_vitulina	Phoca_vitulina__harbor_seal__HLphoVit1__GCA_004348235.1
Pusa_saimensis	Pusa_saimensis__Ringed_seal__HLpusHisSai1__GCA_947044825.1
Ailuropoda_melanoleuca	Ailuropoda_melanoleuca__giant_panda__HLailMel3__GCA_029963865.1
Ursus_americanus	Ursus_americanus__American_black_bear__HLursAme3__GCF_020975775.1
Ursus_arctos	Ursus_arctos__brown_bear__HLursArc2__GCF_023065955.1
Ursus_maritimus	Ursus_maritimus__polar_bear__HLursMar2__GCF_017311325.1
Ursus_thibetanus	Ursus_thibetanus_thibetanus__Asiatic_black_bear__HLursThi1__GCA_009660055.1
Acinonyx_jubatus	Acinonyx_jubatus__cheetah__HLaciJub3__GCF_027475565.1
Felis_catus	Felis_catus__Domestic_cat__HLfelCatu10__GCA_051911835.1
Felis_chaus	Felis_chaus__jungle_cat__HLfelCha1__GCA_019924945.1
Felis_catus	Felis_catus__domestic_cat__felCat9__GCF_000181335.3
Herpailurus_yagouaroundi	Herpailurus_yagouaroundi__jaguarundi__HLpumYag1__GCA_014898765.1
Lynx_canadensis	Lynx_canadensis__Canada_lynx__HLlynCan1__GCA_007474595.1
Lynx_canadensis	Lynx_canadensis__Canada_lynx__HLlynCana2__GCF_007474595.2
Lynx_rufus	Lynx_rufus__bobcat__HLlynRuf1__GCA_022079265.1
Prionailurus_bengalensis	Prionailurus_bengalensis__leopard_cat__HLpriBen2__GCF_016509475.1
Prionailurus_viverrinus	Prionailurus_viverrinus__fishing_cat__HLpriViv3__GCF_022837055.1
Puma_concolor	Puma_concolor__Puma__HLpumConc2A__GCA_028749985.4
Neofelis_nebulosa	Neofelis_nebulosa__Clouded_leopard__HLneoNeb2__GCF_028018385.1
Panthera_leo	Panthera_leo__lion__HLpanLeo2__GCF_018350215.1
Panthera_leo	Panthera_leo__Lion__HLpanLeo3A__GCA_046255005.1
Panthera_leo	Panthera_leo__Lion__HLpanLeo3B__GCA_046254995.1
Panthera_onca	Panthera_onca__Jaguar__HLpanOnca3A__GCA_046562875.1
Panthera_pardus	Panthera_pardus__leopard__HLpanPar2__GCA_024362965.1
Panthera_tigris	Panthera_tigris__tiger__HLpanTig3__GCF_018350195.1
Hyaena_hyaena	Hyaena_hyaena__striped_hyena__HLhyaHya1__GCA_003009895.1
Proteles_cristata	Proteles_cristata_cristata__aardwolf__HLproCriCri1__GCA_017311185.1
Paguma_larvata	Paguma_larvata__Masked_palm_civet__HLpagLar1__GCA_030068075.1
Rhynchonycteris_naso	Rhynchonycteris_naso__Proboscis_bat__HLrhyNas2A__GCA_037038545.1
Rhynchonycteris_naso	Rhynchonycteris_naso__Proboscis_bat__HLrhyNas2B__GCA_037038555.1
Saccopteryx_bilineata	Saccopteryx_bilineata__greater_sac-winged_bat__HLsacBil1__GCF_036850765.1
Saccopteryx_leptura	Saccopteryx_leptura__lesser_sac-winged_bat__HLsacLep1__GCF_036850995.1
Miniopterus_schreibersii	Miniopterus_schreibersii__Schreibers_long-fingered_bat__HLminSch2A__GCA_964146895.1
Miniopterus_schreibersii	Miniopterus_schreibersii__Schreibers_long-fingered_bat__HLminSch2B__GCA_964145185.1
Molossus_alvarezi	Molossus_alvarezi__Alvarezs_mastiff_bat__HLmolAlv1__GCA_031001765.1
Molossus_alvarezi	Molossus_alvarezi__Alvarezs_mastiff_bat__HLmolAlv2A__GCA_037157525.1
Molossus_alvarezi	Molossus_alvarezi__Alvarezs_mastiff_bat__HLmolAlv2B__GCA_037176705.1
Molossus_molossus	Molossus_molossus__Pallass_mastiff_bat__HLmolMol2__GCA_014108415.1
Molossus_nigricans	Molossus_nigricans__northern_black_mastiff_bat__HLmolNig1__GCA_026936385.1
Molossus_nigricans	Molossus_nigricans__Northern_black_mastiff_bat__HLmolNig2A__GCA_039880945.1
Molossus_nigricans	Molossus_nigricans__Northern_black_mastiff_bat__HLmolNig2B__GCA_039880925.1
Mops_condylurus	Mops_condylurus__Angolan_free-tailed_bat__HLmopCon1__GCA_043748645.1
Tadarida_brasiliensis	Tadarida_brasiliensis__Brazilian_free-tailed_bat__HLtadBra3__GCA_030848825.1
Tadarida_teniotis	Tadarida_teniotis__European_free-tailed_bat__HLtadTeni1A__GCA_976988885.1
Pteronotus_mesoamericanus	Pteronotus_mesoamericanus__Mesoamerican_mustached_bat__HLpteMes1__GCA_021234165.1
Desmodus_rotundus	Desmodus_rotundus__common_vampire_bat__HLdesRot15A
Anoura_caudifer	Anoura_caudifer__tailed_tailless_bat__HLanoCau1__GCA_004027475.1
Gardnerycteris_keenani	Gardnerycteris_keenani__Keenans_Hairy-nosed_Bat__HLgarKeen1A__GCA_050655435.1
Lophostoma_evote	Lophostoma_evote__Davis_round-eared_bat__HLlopEvot1A__GCA_051307075.1
Macrotus_californicus	Macrotus_californicus__California_big-eared_bat__HLmacCal1__GCA_007922815.1
Micronycteris_microtis	Micronycteris_microtis__Common_big-eared_bat__HLmicMicr1A__GCA_051107205.1
Phyllostomus_discolor	Phyllostomus_discolor__pale_spear-nosed_bat__HLphyDis3__GCA_014049915.1
Phyllostomus_discolor	Phyllostomus_discolor__Pale_spear-nosed_bat__HLphyDisc4__GCF_004126475.2
Phyllostomus_hastatus	Phyllostomus_hastatus__Greater_spear-nosed_bat__HLphyHast2__GCF_019186645.2
Artibeus_jamaicensis	Artibeus_jamaicensis__Jamaican_fruit-eating_bat__HLartJam2__GCA_014825515.1
Artibeus_jamaicensis	Artibeus_jamaicensis__Jamaican_fruit-eating_bat__HLartJam3__GCA_021234435.1
Artibeus_lituratus	Artibeus_lituratus__Great_fruit-eating_bat__HLartLit1A__GCA_038363095.2
Artibeus_lituratus	Artibeus_lituratus__Great_fruit-eating_bat__HLartLitu2A__GCA_038363095.4
Dermanura_phaeotis	Dermanura_phaeotis__Dwarf_fruit-eating_bat__HLderPhae1A__GCA_051107565.1
Platyrrhinus_helleri	Platyrrhinus_helleri__Hellers_broad-nosed_bat__HLplaHell1A__GCA_051107505.1
Sturnira_hondurensis	Sturnira_hondurensis__Honduras_yellow-shouldered_bat__HLstuHon1__GCA_014824575.1
Sturnira_parvidens	Sturnira_parvidens__Northern_Yellow-shouldered_Bat__HLstuParv1A__GCA_054855685.1
Sturnira_parvidens	Sturnira_parvidens__Northern_Yellow-shouldered_Bat__HLstuParv1B__GCA_054855695.1
Antrozous_pallidus	Antrozous_pallidus__pallid_bat__HLantPal2__GCA_027563665.1
Corynorhinus_townsendii	Corynorhinus_townsendii__Townsends_big-eared_bat__HLcorTow1A__GCA_026230055.1
Corynorhinus_townsendii	Corynorhinus_townsendii__Townsends_big-eared_bat__HLcorTow1B__GCA_026230045.1
Eptesicus_fuscus	Eptesicus_fuscus__big_brown_bat__HLeptFus3__GCF_027574615.1
Ia_io	Ia_io__Great_evening_bat__HLiaxIox1__GCA_025583905.1
Myotis_daubentonii	Myotis_daubentonii__Daubentons_bat__HLmyoDau2__GCF_963259705.1
Myotis_daubentonii	Myotis_daubentonii__Daubentons_bat__HLmyoDaub3A__GCA_963259705.2
Myotis_emarginatus	Myotis_emarginatus__Geoffroys_bat__HLmyoEma1A__GCA_965115925.1
Myotis_mystacinus	Myotis_mystacinus__Whiskered_bat__HLmyoMys2A__GCA_964094495.2
Myotis_mystacinus	Myotis_mystacinus__Whiskered_bat__HLmyoMys2B__GCA_964195625.1
Myotis_mystacinus	Myotis_mystacinus__Whiskered_bat__HLmyoMyst3A__GCA_964094495.3
Myotis_nattereri	Myotis_nattereri__Natterers_bat__HLmyoNat1A__GCA_964212035.1
Myotis_nattereri	Myotis_nattereri__Natterers_bat__HLmyoNat1B__GCA_964212025.1
Myotis_nesopolus	Myotis_nesopolus__Cucacao_Myotis__HLmyoNeso1A__GCA_054855985.1
Myotis_pilosus	Myotis_pilosus__Ricketts_big-footed_Myotis__HLmyoRic2__GCA_036010255.1
Myotis_yumanensis	Myotis_yumanensis__Yuma_myotis__HLmyoYum1A__GCA_028536395.1
Myotis_yumanensis	Myotis_yumanensis__Yuma_myotis__HLmyoYum1B__GCA_028538775.1
Neoeptesicus_chiriquinus	Neoeptesicus_chiriquinus__Chiriquinan_serotine__HLneoChir1A__GCA_054100705.1
Neoeptesicus_chiriquinus	Neoeptesicus_chiriquinus__Chiriquinan_serotine__HLneoChir1B__GCA_054099605.1
Neoeptesicus_furinalis	Neoeptesicus_furinalis__Argentine_brown_bat__HLneoFuri1A__GCA_054644455.1
Nyctalus_aviator	Nyctalus_aviator__birdlike_noctule__HLnycAvi1__GCA_036971965.1
Nyctalus_leisleri	Nyctalus_leisleri__Lesser_noctule__HLnycLeis2A__GCA_964264875.2
Pipistrellus_abramus	Pipistrellus_abramus__Japanese_house_bat__HLpipAbr1__GCA_044885105.1
Pipistrellus_hanaki	Pipistrellus_hanaki__Hanakis_dwarf_bat__HLpipHan1__GCA_964339955.1
Pipistrellus_nathusii	Pipistrellus_nathusii__Nathusiuss_pipistrelle__HLpipNat1A__GCA_963693515.1
Pipistrellus_nathusii	Pipistrellus_nathusii__Nathusiuss_pipistrelle__HLpipNat1B__GCA_963693525.1
Pipistrellus_pipistrellus	Pipistrellus_pipistrellus__common_pipistrelle__HLpipPip2__GCA_903992545.1
Pipistrellus_pygmaeus	Pipistrellus_pygmaeus__soprano_pipistrelle__HLpipPyg1__GCA_949987585.1
Plecotus_auritus	Plecotus_auritus__brown_big-eared_bat__HLpleAur1__GCA_963455305.1
Vespertilio_murinus	Vespertilio_murinus__particolored_bat__HLvesMur1__GCA_963924515.1
Cynopterus_sphinx	Cynopterus_sphinx__Indian_short-nosed_fruit_bat__HLcynSph1__GCA_030015415.1
Pteropus_medius	Pteropus_medius__Indian_flying_fox__HLpteGig1__GCA_902729225.1
Pteropus_pselaphon	Pteropus_pselaphon__Bonin_flying_fox__HLptePse1__GCA_014363405.1
Pteropus_alecto	Pteropus_alecto__black_flying_fox__pteAle1__GCF_000325575.1
Rousettus_aegyptiacus	Rousettus_aegyptiacus__Egyptian_rousette__HLrouAeg4__GCA_014176215.1
Rousettus_leschenaultii	Rousettus_leschenaultii__Leschenaults_rousette__HLrouLesc2A__GCA_053538355.1
Aselliscus_stoliczkanus	Aselliscus_stoliczkanus__Stoliczkas_trident_bat__HLaseSto2__GCA_043727835.1
Aselliscus_stoliczkanus	Aselliscus_stoliczkanus__Stoliczkas_trident_bat__HLaseSto4__GCA_033961575.1
Doryrhina_cyclops	Doryrhina_cyclops__cyclops_roundleaf_bat__HLhipCyc2__GCA_043880285.1
Hipposideros_pendleburyi	Hipposideros_pendleburyi__Pendleburys_leaf-nosed_bat__HLhipPen1__GCA_021464545.1
Hipposideros_larvatus	Hipposideros_larvatus__Intermediate_roundleaf_bat__HLhipLar2__GCA_043727955.1
Macroderma_gigas	Macroderma_gigas__Australian_ghost_bat__HLmacGiga1__GCA_055471755.1
Megaderma_spasma	Megaderma_spasma__lesser_false_vampire_bat__HLmegSpa1__GCA_043880595.1
Rhinolophus_affinis	Rhinolophus_affinis__intermediate_horseshoe_bat__HLrhiAff2__GCA_043728065.1
Rhinolophus_affinis	Rhinolophus_affinis__Intermediate_horseshoe_bat__HLrhiAff4__GCA_040057535.1
Rhinolophus_clivosus	Rhinolophus_clivosus__Geoffroys_horseshoe_bat__HLrhiCliv1A__GCA_054645015.1
Rhinolophus_ferrumequinum	Rhinolophus_ferrumequinum__greater_horseshoe_bat__HLrhiFer5__GCA_014108255.1
Rhinolophus_ferrumequinum	Rhinolophus_ferrumequinum__greater_horseshoe_bat__HLrhiFer6__GCF_004115265.1
Rhinolophus_hipposideros	Rhinolophus_hipposideros__Lesser_horseshoe_bat__HLrhiHip1A__GCA_964194185.1
Rhinolophus_hipposideros	Rhinolophus_hipposideros__Lesser_horseshoe_bat__HLrhiHip1B__GCA_964194215.1
Rhinolophus_perniger	Rhinolophus_perniger_lanosus__Northern_woolly_horseshoe_bat__HLrhiLuc4__GCA_043748575.1
Rhinolophus_rex	Rhinolophus_rex__king_horseshoe_bat__HLrhiRex1__GCA_041825415.1
Rhinolophus_yonghoiseni	Rhinolophus_yonghoiseni__Yong_Hoi_Sens_woolly_horseshoe_bat__HLrhiSed2__GCA_043880425.1
Rhinolophus_sinicus	Rhinolophus_sinicus__Chinese_rufous_horseshoe_bat__HLrhiSin4__GCA_036562045.1
Rhinolophus_trifoliatus	Rhinolophus_trifoliatus__Trefoil_horseshoe_bat__HLrhiTri2__GCA_043728145.1
Rhinopoma_cystops	Rhinopoma_cystops__Egyptian_mouse-tailed_bat__HLrhiCyst1A__GCA_055761895.1
Rhinopoma_cystops	Rhinopoma_cystops__Egyptian_mouse-tailed_bat__HLrhiCyst1B__GCA_055761905.1
Rhinopoma_microphyllum	Rhinopoma_microphyllum__Greater_mouse-tailed_bat__HLrhiMic1__GCA_043880545.1
Crocidura_zimmermanni	Crocidura_zimmermanni__Zimmermanns_shrew__HLcroZim1__GCA_965212715.1
Crocidura_gueldenstaedtii	Crocidura_gueldenstaedtii__Guldenstadts_white-toothed_shrew__HLcroGuel1__GCA_965212715.2
Scutisorex_somereni	Scutisorex_somereni__Hero_shrew__HLscuSome1__GCA_054737625.1
Suncus_etruscus	Suncus_etruscus__white-toothed_pygmy_shrew__HLsunEtr1__GCF_024139225.1
Suncus_murinus	Suncus_murinus__House_shrew__HLsunMuri1__GCA_055769025.1
Sorex_fumeus	Sorex_fumeus__smoky_shrew__HLsorFum1__GCF_029834395.1
Sorex_ornatus	Sorex_ornatus__Ornate_shrew__HLsorOrn1A__GCA_041430695.1
Sorex_ornatus	Sorex_ornatus__Ornate_shrew__HLsorOrn1B__GCA_041430635.1
Scaptochirus_moschatus	Scaptochirus_moschatus__Short-faced_mole__HLscaMos1__GCA_042919465.1
Talpa_europaea	Talpa_europaea__European_mole__HLtalEur1A__GCA_964194135.1
Talpa_europaea	Talpa_europaea__European_mole__HLtalEur1B__GCA_964194205.1
Talpa_occidentalis	Talpa_occidentalis__Iberian_mole__HLtalOcc1__GCA_014898055.1
Equus_asinus	Equus_asinus__Ass__HLequAsin4__GCF_041296235.1
Equus_caballus	Equus_caballus__Horse__HLequCaba4__GCF_041296265.1
Equus_kiang	Equus_kiang__Kiang__HLequKian1__GCA_052150635.1
Ceratotherium_simum	Ceratotherium_simum_cottoni__northern_white_rhinoceros__HLcerSimCot2__GCA_021442165.1
Ceratotherium_simum	Ceratotherium_simum_simum__Southern_white_rhinoceros__HLcerSimuSim3__GCA_023653735.1
Diceros_bicornis	Diceros_bicornis_minor__black_rhinoceros__HLdicBicMin2__GCA_020826845.1
Tapirus_indicus	Tapirus_indicus__Asiatic_tapir__HLtapIndi3A__GCA_031878655.1
Tapirus_indicus	Tapirus_indicus__Asiatic_tapir__HLtapIndi3B__GCA_031878705.1
Manis_javanica	Manis_javanica__Malayan_pangolin__HLmanJav3__GCA_024605085.1
Manis_javanica	Manis_javanica__Malayan_pangolin__HLmanJava4__GCF_040802235.1
Manis_pentadactyla	Manis_pentadactyla__Chinese_pangolin__HLmanPen4__GCF_030020395.1
Dasypus_novemcinctus	Dasypus_novemcinctus__nine-banded_armadillo__HLdasNov4__GCF_030445035.1
Dasypus_novemcinctus	Dasypus_novemcinctus__Nine-banded_armadillo__HLdasNove5A__GCF_030445035.2
Bradypus_torquatus	Bradypus_torquatus__Maned_three-toed_sloth__HLbraTor4__GCA_963992745.1
Choloepus_didactylus	Choloepus_didactylus__southern_two-toed_sloth__HLchoDid2__GCF_015220235.1
Myrmecophaga_tridactyla	Myrmecophaga_tridactyla__giant_anteater__HLmyrTri2
Tamandua_tetradactyla	Tamandua_tetradactyla__southern_tamandua__HLtamTet2__GCA_023851605.1
