Scientific,Diet-Inv,Diet-Vend,Diet-Vect,Diet-Vfish,Diet-Vunk,Diet-Scav,Diet-Fruit,Diet-Nect,Diet-Seed,Diet-PlantO
Tenrec ecaudatus,90,0,0,0,0,0,0,0,0,10
Amblysomus hottentotus,100,0,0,0,0,0,0,0,0,0
Rhynchocyon petersi,100,0,0,0,0,0,0,0,0,0
Orycteropus afer,100,0,0,0,0,0,0,0,0,0
Heterohyrax brucei,0,0,0,0,0,0,0,0,0,100
Loxodonta africana,0,0,0,0,0,0,0,0,0,100
Dugong dugon,0,0,0,0,0,0,0,0,0,100
Trichechus inunguis,0,0,0,0,0,0,0,0,0,100
Dasypus novemcinctus,100,0,0,0,0,0,0,0,0,0
Bradypus torquatus,0,0,0,0,0,0,0,0,0,100
Choloepus didactylus,0,0,0,0,0,0,30,0,0,70
Myrmecophaga tridactyla,100,0,0,0,0,0,0,0,0,0
Tamandua tetradactyla,100,0,0,0,0,0,0,0,0,0
Tupaia tana,90,0,0,0,0,0,0,0,0,10
Cynocephalus volans,0,0,0,0,0,0,0,0,0,100
Microcebus murinus,20,0,20,0,0,0,30,10,0,20
Lemur catta,0,0,0,0,0,0,80,0,0,20
Daubentonia madagascariensis,40,0,0,0,0,0,0,20,40,0
Loris tardigradus,70,0,0,0,10,0,10,0,0,10
Nycticebus coucang,40,30,10,0,0,0,20,0,0,0
Nycticebus bengalensis,40,30,10,0,0,0,20,0,0,0
Saguinus midas,40,0,0,0,0,0,30,30,0,0
Saguinus oedipus,40,0,0,0,0,0,30,30,0,0
Callithrix jacchus,20,0,0,0,10,0,30,40,0,0
Leontopithecus rosalia,50,0,0,0,0,0,50,0,0,0
Cebus albifrons,20,0,0,0,10,0,20,10,20,20
Saimiri boliviensis,20,0,0,0,20,0,20,0,20,20
Ateles geoffroyi,10,0,0,0,10,0,60,0,10,10
Ateles hybridus,10,0,0,0,10,0,60,0,10,10
Ateles fusciceps,10,0,0,0,10,0,60,0,10,10
Brachyteles arachnoides,0,0,0,0,0,0,20,10,20,50
Macaca mulatta,10,0,0,0,0,0,30,0,20,40
Macaca nemestrina,10,0,0,0,0,0,70,0,10,10
Macaca nigra,10,0,0,0,0,0,70,0,10,10
Macaca fascicularis,50,0,0,0,0,0,40,0,0,10
Macaca cyclopis,10,0,0,0,0,0,30,0,20,40
Macaca assamensis,10,0,0,0,0,0,30,0,20,40
Macaca silenus,10,0,0,0,0,0,30,0,20,40
Chlorocebus sabaeus,20,0,0,0,20,0,40,0,0,20
Erythrocebus patas,0,0,0,0,0,0,40,0,20,40
Papio hamadryas,10,0,0,0,10,0,0,0,0,80
Papio anubis,10,40,0,0,0,0,20,0,0,30
Colobus guereza,0,0,0,0,0,0,30,0,0,70
Rhinopithecus bieti,0,0,0,0,0,0,0,0,0,100
Rhinopithecus roxellana,0,0,0,0,0,0,10,0,10,80
Trachypithecus shortridgei,0,0,0,0,0,0,30,0,0,70
Trachypithecus germaini,0,0,0,0,0,0,30,0,0,70
Trachypithecus francoisi,0,0,0,0,0,0,30,0,0,70
Hylobates pileatus,10,0,0,0,0,0,70,0,0,20
Nomascus leucogenys,10,0,0,0,0,0,80,0,0,10
Symphalangus syndactylus,10,0,0,0,0,0,80,0,0,10
Gorilla gorilla,0,0,0,0,0,0,10,0,0,90
Pan paniscus,10,0,0,0,0,0,60,0,10,20
Pan troglodytes,10,0,0,0,0,0,60,0,0,30
Pongo abelii,10,0,0,0,10,0,80,0,0,0
Pongo pygmaeus,10,0,0,0,10,0,80,0,0,0
Sciurus carolinensis,0,0,0,0,0,0,20,0,50,30
Sciurus vulgaris,0,0,0,0,0,0,20,0,50,30
Pteromys volans,10,0,0,0,0,0,30,0,30,30
Spermophilus citellus,20,0,0,0,0,0,0,0,40,40
Cynomys ludovicianus,0,0,0,0,0,0,0,0,0,100
Cynomys gunnisoni,0,0,0,0,0,0,0,0,0,100
Marmota monax,0,0,0,0,0,0,30,0,30,40
Marmota himalayana,0,0,0,0,0,0,30,0,30,40
Marmota flaviventris,0,0,0,0,0,0,30,0,30,40
Tamias sibiricus,10,0,0,0,0,0,10,0,60,20
Eliomys quercinus,30,30,0,0,0,0,20,0,20,0
Geomys bursarius,0,0,0,0,0,0,0,0,0,100
Thomomys bottae,0,0,0,0,0,0,0,0,0,100
Castor canadensis,0,0,0,0,0,0,0,0,0,100
Castor fiber,0,0,0,0,0,0,0,0,0,100
Dipodomys spectabilis,20,0,0,0,0,0,20,0,30,30
Dipodomys merriami,20,0,0,0,0,0,20,0,30,30
Salpingotus crassicauda,50,0,0,0,0,0,0,0,0,50
Dipus sagitta,0,0,0,0,0,0,20,20,0,60
Jaculus jaculus,0,0,0,0,0,0,0,0,40,60
Microtus californicus,0,0,0,0,0,0,0,0,20,80
Microtus agrestis,0,0,0,0,0,0,0,0,20,80
Microtus pennsylvanicus,0,0,0,0,0,0,0,0,20,80
Microtus oregoni,0,0,0,0,0,0,0,0,20,80
Arvicola amphibius,0,0,0,0,0,0,20,0,0,80
Chionomys nivalis,0,0,0,0,0,0,0,0,30,70
Lasiopodomys mandarinus,0,0,0,0,0,0,0,0,0,100
Lasiopodomys brandtii,0,0,0,0,0,0,0,0,0,100
Lemmus lemmus,0,0,0,0,0,0,10,0,0,90
Ondatra zibethicus,10,0,0,0,0,0,0,0,0,90
Neotoma floridana,10,0,0,0,0,0,0,0,20,70
Onychomys arenicola,90,0,0,0,0,0,0,0,0,10
Onychomys leucogaster,90,0,0,0,0,0,0,0,0,10
Onychomys torridus,90,0,0,0,0,0,0,0,0,10
Peromyscus eremicus,50,0,0,0,0,10,20,0,20,0
Peromyscus leucopus,50,0,0,0,0,10,20,0,20,0
Scotinomys teguina,100,0,0,0,0,0,0,0,0,0
Sigmodon hispidus,50,0,0,0,0,0,0,0,0,50
Cricetus cricetus,10,0,10,0,0,0,0,0,0,80
Mesocricetus auratus,0,10,0,0,0,0,30,0,30,30
Phodopus roborovskii,0,0,0,0,0,0,0,0,70,30
Phodopus sungorus,0,0,0,0,0,0,0,0,70,30
Acomys minous,0,0,0,0,30,0,0,0,0,70
Acomys percivali,0,0,0,0,30,0,0,0,0,70
Acomys russatus,20,0,0,0,40,0,0,0,10,30
Acomys kempi,0,0,0,0,30,0,0,0,0,70
Acomys dimidiatus,10,0,0,0,30,0,0,0,10,50
Acomys cahirinus,0,0,0,0,30,0,0,0,0,70
Psammomys obesus,0,0,0,0,0,0,0,0,0,100
Meriones unguiculatus,20,0,0,0,0,0,10,0,20,50
Pachyuromys duprasi,100,0,0,0,0,0,0,0,0,0
Apodemus agrarius,20,0,0,0,0,0,20,0,20,40
Apodemus speciosus,20,0,0,0,0,0,20,0,20,40
Apodemus sylvaticus,20,0,0,0,0,0,20,0,20,40
Arvicanthis niloticus,0,0,0,0,0,0,0,0,30,70
Mastacomys fuscus,20,0,0,0,0,0,0,0,30,50
Micromys minutus,30,0,0,0,0,0,0,0,40,30
Mus musculus,20,0,0,0,0,0,0,0,20,60
Mus spretus,20,0,0,0,0,0,0,0,20,60
Mus minutoides,20,0,0,0,0,0,0,0,20,60
Pseudomys desertor,20,0,0,0,0,0,0,0,30,50
Rattus norvegicus,30,0,0,0,0,0,20,0,40,10
Rattus rattus,30,0,0,0,0,0,20,0,40,10
Rhabdomys pumilio,20,0,0,0,0,0,20,0,40,20
Rhynchomys soricoides,100,0,0,0,0,0,0,0,0,0
Tokudaia muenninki,10,0,0,0,0,0,10,0,20,60
Uromys caudimaculatus,0,0,0,0,0,0,50,0,30,20
Typhlomys cinereus,0,0,0,0,0,0,40,0,30,30
Eospalax fontanierii,0,0,0,0,0,0,0,0,50,50
Myospalax psilurus,0,0,0,0,0,0,0,0,50,50
Ctenodactylus gundi,0,0,0,0,0,0,0,0,0,100
Ochotona princeps,0,0,0,0,0,0,0,0,0,100
Ochotona argentata,0,0,0,0,0,0,0,0,0,100
Lepus timidus,0,0,0,0,0,0,0,0,0,100
Lepus tolai,0,0,0,0,0,0,0,0,0,100
Lepus castroviejoi,0,0,0,0,0,0,0,0,0,100
Lepus europaeus,0,0,0,0,0,0,0,0,0,100
Lepus oiostolus,0,0,0,0,0,0,0,0,0,100
Lepus capensis,0,0,0,0,0,0,0,0,0,100
Lepus yarkandensis,0,0,0,0,0,0,0,0,0,100
Sylvilagus floridanus,0,0,0,0,0,0,0,0,0,100
Oryctolagus cuniculus,0,0,0,0,0,0,0,0,0,100
Crocidura zimmermanni,50,0,10,0,0,40,0,0,0,0
Suncus murinus,80,0,0,0,10,10,0,0,0,0
Suncus etruscus,80,0,0,0,10,10,0,0,0,0
Scutisorex somereni,0,0,0,0,100,0,0,0,0,0
Sorex fumeus,70,0,0,0,0,30,0,0,0,0
Sorex ornatus,70,0,0,0,0,30,0,0,0,0
Scaptochirus moschatus,100,0,0,0,0,0,0,0,0,0
Talpa occidentalis,100,0,0,0,0,0,0,0,0,0
Talpa europaea,100,0,0,0,0,0,0,0,0,0
Cynopterus sphinx,0,0,0,0,0,0,100,0,0,0
Pteropus alecto,0,0,0,0,0,0,100,0,0,0
Pteropus pselaphon,0,0,0,0,0,0,100,0,0,0
Rousettus leschenaultii,0,0,0,0,0,0,60,40,0,0
Rousettus aegyptiacus,0,0,0,0,0,0,60,40,0,0
Rhinolophus rex,100,0,0,0,0,0,0,0,0,0
Rhinolophus trifoliatus,100,0,0,0,0,0,0,0,0,0
Rhinolophus sinicus,80,0,0,0,0,0,0,0,10,10
Rhinolophus affinis,100,0,0,0,0,0,0,0,0,0
Rhinolophus clivosus,100,0,0,0,0,0,0,0,0,0
Rhinolophus ferrumequinum,100,0,0,0,0,0,0,0,0,0
Rhinolophus hipposideros,100,0,0,0,0,0,0,0,0,0
Aselliscus stoliczkanus,100,0,0,0,0,0,0,0,0,0
Hipposideros larvatus,100,0,0,0,0,0,0,0,0,0
Megaderma spasma,40,30,20,10,0,0,0,0,0,0
Macroderma gigas,20,70,10,0,0,0,0,0,0,0
Rhinopoma microphyllum,100,0,0,0,0,0,0,0,0,0
Macrotus californicus,50,0,0,0,0,0,50,0,0,0
Micronycteris microtis,80,0,0,0,0,0,20,0,0,0
Phyllostomus hastatus,40,0,50,0,0,0,10,0,0,0
Phyllostomus discolor,30,0,0,0,0,0,40,30,0,0
Artibeus jamaicensis,10,0,0,0,0,0,80,10,0,0
Artibeus lituratus,10,0,0,0,0,0,80,10,0,0
Platyrrhinus helleri,10,0,0,0,0,0,90,0,0,0
Desmodus rotundus,0,100,0,0,0,0,0,0,0,0
Anoura caudifer,30,0,0,0,0,0,30,40,0,0
Rhynchonycteris naso,100,0,0,0,0,0,0,0,0,0
Saccopteryx leptura,100,0,0,0,0,0,0,0,0,0
Saccopteryx bilineata,100,0,0,0,0,0,0,0,0,0
Mops condylurus,100,0,0,0,0,0,0,0,0,0
Molossus molossus,100,0,0,0,0,0,0,0,0,0
Tadarida teniotis,100,0,0,0,0,0,0,0,0,0
Tadarida brasiliensis,100,0,0,0,0,0,0,0,0,0
Eptesicus fuscus,100,0,0,0,0,0,0,0,0,0
Pipistrellus nathusii,100,0,0,0,0,0,0,0,0,0
Pipistrellus pipistrellus,100,0,0,0,0,0,0,0,0,0
Pipistrellus pygmaeus,100,0,0,0,0,0,0,0,0,0
Pipistrellus abramus,100,0,0,0,0,0,0,0,0,0
Nyctalus aviator,100,0,0,0,0,0,0,0,0,0
Nyctalus leisleri,100,0,0,0,0,0,0,0,0,0
Corynorhinus townsendii,100,0,0,0,0,0,0,0,0,0
Plecotus auritus,100,0,0,0,0,0,0,0,0,0
Ia io,100,0,0,0,0,0,0,0,0,0
Vespertilio murinus,100,0,0,0,0,0,0,0,0,0
Antrozous pallidus,80,0,20,0,0,0,0,0,0,0
Myotis nesopolus,100,0,0,0,0,0,0,0,0,0
Myotis nattereri,100,0,0,0,0,0,0,0,0,0
Myotis mystacinus,100,0,0,0,0,0,0,0,0,0
Myotis yumanensis,100,0,0,0,0,0,0,0,0,0
Myotis emarginatus,100,0,0,0,0,0,0,0,0,0
Myotis daubentonii,100,0,0,0,0,0,0,0,0,0
Miniopterus schreibersii,100,0,0,0,0,0,0,0,0,0
Manis pentadactyla,100,0,0,0,0,0,0,0,0,0
Manis javanica,100,0,0,0,0,0,0,0,0,0
Acinonyx jubatus,0,100,0,0,0,0,0,0,0,0
Felis catus,0,100,0,0,0,0,0,0,0,0
Felis chaus,0,80,20,0,0,0,0,0,0,0
Lynx rufus,0,100,0,0,0,0,0,0,0,0
Lynx canadensis,0,80,0,20,0,0,0,0,0,0
Prionailurus bengalensis,0,70,20,10,0,0,0,0,0,0
Prionailurus viverrinus,20,20,20,40,0,0,0,0,0,0
Puma concolor,0,100,0,0,0,0,0,0,0,0
Neofelis nebulosa,0,100,0,0,0,0,0,0,0,0
Panthera leo,0,90,0,0,0,10,0,0,0,0
Panthera tigris,0,100,0,0,0,0,0,0,0,0
Panthera onca,0,80,10,10,0,0,0,0,0,0
Panthera pardus,0,100,0,0,0,0,0,0,0,0
Paguma larvata,20,60,0,0,0,0,20,0,0,0
Hyaena hyaena,10,10,0,0,0,70,10,0,0,0
Vulpes vulpes,20,70,0,0,0,0,10,0,0,0
Vulpes corsac,20,70,0,0,0,0,0,0,0,10
Vulpes ferrilata,0,100,0,0,0,0,0,0,0,0
Vulpes lagopus,10,70,0,10,0,10,0,0,0,0
Canis aureus,10,50,10,10,10,0,10,0,0,0
Canis latrans,0,60,0,10,0,30,0,0,0,0
Canis lupus,0,100,0,0,0,0,0,0,0,0
Lycaon pictus,0,100,0,0,0,0,0,0,0,0
Nyctereutes procyonoides,20,10,30,0,0,0,30,0,10,0
Otocyon megalotis,50,20,0,0,10,0,0,0,0,20
Urocyon cinereoargenteus,10,0,0,0,30,0,20,0,20,20
Hydrurga leptonyx,80,20,0,0,0,0,0,0,0,0
Mirounga leonina,60,0,0,40,0,0,0,0,0,0
Monachus monachus,20,0,0,80,0,0,0,0,0,0
Phoca vitulina,20,0,0,80,0,0,0,0,0,0
Mustela erminea,10,70,10,0,10,0,0,0,0,0
Mustela nivalis,0,100,0,0,0,0,0,0,0,0
Mustela lutreola,20,80,0,0,0,0,0,0,0,0
Eira barbara,0,90,0,0,0,0,10,0,0,0
Martes flavigula,10,40,20,0,20,0,10,0,0,0
Martes foina,0,50,0,0,20,0,20,0,0,10
Martes martes,0,60,0,0,0,0,40,0,0,0
Meles meles,20,20,20,0,0,0,20,0,10,10
Lontra canadensis,0,0,10,90,0,0,0,0,0,0
Lutra lutra,30,10,30,30,0,0,0,0,0,0
Ailuropoda melanoleuca,0,10,0,0,0,0,0,0,0,90
Ursus americanus,0,10,0,10,0,0,50,0,0,30
Ursus arctos,10,10,0,0,0,0,20,0,0,60
Ursus maritimus,0,90,0,10,0,0,0,0,0,0
Arctocephalus gazella,80,0,0,20,0,0,0,0,0,0
Eumetopias jubatus,0,0,0,100,0,0,0,0,0,0
Zalophus californianus,40,0,0,60,0,0,0,0,0,0
Mephitis mephitis,20,30,0,0,0,0,20,0,10,20
Equus kiang,0,0,0,0,0,0,0,0,0,100
Equus caballus,0,0,0,0,0,0,0,0,0,100
Tapirus indicus,0,0,0,0,0,0,0,0,0,100
Sus scrofa,10,0,0,0,10,10,0,0,10,60
Phacochoerus africanus,0,0,0,0,0,10,10,0,0,80
Camelus dromedarius,0,0,0,0,0,0,0,0,0,100
Bison bonasus,0,0,0,0,0,0,0,0,0,100
Bos taurus,0,0,0,0,0,0,0,0,0,100
Bos javanicus,0,0,0,0,0,0,0,0,0,100
Budorcas taxicolor,0,0,0,0,0,0,0,0,0,100
Capra hircus,0,0,0,0,0,0,0,0,0,100
Capra ibex,0,0,0,0,0,0,0,0,0,100
Capra nubiana,0,0,0,0,0,0,0,0,0,100
Capricornis sumatraensis,0,0,0,0,0,0,0,0,0,100
Ovis canadensis,0,0,0,0,0,0,0,0,0,100
Ovis aries,0,0,0,0,0,0,0,0,0,100
Pantholops hodgsonii,0,0,0,0,0,0,0,0,0,100
Rupicapra rupicapra,0,0,0,0,0,0,0,0,0,100
Moschus berezovskii,0,0,0,0,0,0,0,0,0,100
Capreolus capreolus,0,0,0,0,0,0,0,0,0,100
Axis porcinus,0,0,0,0,0,0,10,0,0,90
Cervus elaphus,0,0,0,0,0,0,0,0,0,100
Cervus nippon,0,0,0,0,0,0,0,0,0,100
Dama dama,0,0,0,0,0,0,0,0,0,100
Muntiacus crinifrons,0,0,0,0,0,0,20,0,0,80
Muntiacus gongshanensis,0,0,0,0,0,0,20,0,0,80
Eubalaena glacialis,100,0,0,0,0,0,0,0,0,0
Balaenoptera physalus,70,0,0,30,0,0,0,0,0,0
Balaenoptera edeni,50,0,0,50,0,0,0,0,0,0
Balaenoptera musculus,100,0,0,0,0,0,0,0,0,0
Megaptera novaeangliae,80,0,0,20,0,0,0,0,0,0
Eschrichtius robustus,90,0,0,10,0,0,0,0,0,0
Delphinus delphis,80,0,0,20,0,0,0,0,0,0
Grampus griseus,50,0,0,50,0,0,0,0,0,0
Orcinus orca,25,50,0,25,0,0,0,0,0,0
Peponocephala electra,40,0,0,60,0,0,0,0,0,0
Pseudorca crassidens,60,10,0,30,0,0,0,0,0,0
Tursiops truncatus,20,0,0,80,0,0,0,0,0,0
Delphinapterus leucas,40,0,0,60,0,0,0,0,0,0
Monodon monoceros,40,0,0,60,0,0,0,0,0,0
Phocoena phocoena,0,0,0,100,0,0,0,0,0,0
Phocoena sinus,0,0,0,100,0,0,0,0,0,0
Mesoplodon densirostris,80,0,0,20,0,0,0,0,0,0
Kogia breviceps,100,0,0,0,0,0,0,0,0,0
Kogia sima,100,0,0,0,0,0,0,0,0,0
Inia geoffrensis,10,0,0,90,0,0,0,0,0,0
