species	contig_N50	gap_free
Acinonyx_jubatus	96827784	TRUE
Acomys_cahirinus	57643754	TRUE
Acomys_dimidiatus	33040	TRUE
Acomys_kempi	33625	TRUE
Acomys_minous	29281624	TRUE
Acomys_percivali	26477	TRUE
Acomys_russatus	4450755	TRUE
Ailuropoda_melanoleuca	28556066	TRUE
Amblysomus_hottentotus	59459156	TRUE
Anoura_caudifer	143417	TRUE
Antrozous_pallidus	41887785	TRUE
Apodemus_agrarius	35188814	TRUE
Apodemus_speciosus	2358870	TRUE
Apodemus_sylvaticus	4449850	TRUE
Arctocephalus_gazella	55559406	TRUE
Artibeus_jamaicensis	22092642	TRUE
Artibeus_lituratus	65515378	TRUE
Arvicanthis_niloticus	11143170	TRUE
Arvicola_amphibius	5392280	TRUE
Aselliscus_stoliczkanus	73009000	TRUE
Ateles_fusciceps	7542955	TRUE
Ateles_geoffroyi	29212752	TRUE
Ateles_hybridus	50515269	TRUE
Axis_porcinus	54160790	TRUE
Balaenoptera_edeni	56810546	TRUE
Balaenoptera_musculus	6315640	TRUE
Balaenoptera_physalus	146061	TRUE
Bison_bonasus	91242619	TRUE
Bos_javanicus	47146240	TRUE
Bos_taurus	26402946	TRUE
Brachyteles_arachnoides	58885235	TRUE
Bradypus_torquatus	4748776	TRUE
Budorcas_taxicolor	64431831	TRUE
Callithrix_jacchus	137132494	TRUE
Camelus_dromedarius	31216184	TRUE
Canis_aureus	56644425	TRUE
Canis_latrans	42015997	TRUE
Canis_lupus	34375412	TRUE
Capra_hircus	100793790	TRUE
Capra_ibex	58703036	TRUE
Capra_nubiana	91324156	TRUE
Capreolus_capreolus	69851389	TRUE
Capricornis_sumatraensis	100934918	TRUE
Castor_canadensis	144908913	TRUE
Castor_fiber	48519000	TRUE
Cebus_albifrons	18502463	TRUE
Cervus_elaphus	68741660	TRUE
Cervus_nippon	89550226	TRUE
Chionomys_nivalis	30960136	TRUE
Chlorocebus_sabaeus	839654	TRUE
Choloepus_didactylus	20994632	TRUE
Colobus_guereza	15612012	TRUE
Corynorhinus_townsendii	23382908	TRUE
Cricetus_cricetus	47690202	TRUE
Crocidura_zimmermanni	28351139	TRUE
Ctenodactylus_gundi	38834406	TRUE
Cynocephalus_volans	69195939	TRUE
Cynomys_gunnisoni	687762	TRUE
Cynomys_ludovicianus	567348	TRUE
Cynopterus_sphinx	84235024	TRUE
Dama_dama	68791581	TRUE
Dasypus_novemcinctus	14295626	TRUE
Daubentonia_madagascariensis	27954151	TRUE
Delphinapterus_leucas	3310522	TRUE
Delphinus_delphis	54231611	TRUE
Desmodus_rotundus	9037853	TRUE
Dipodomys_merriami	7443915	TRUE
Dipodomys_spectabilis	9612466	TRUE
Dipus_sagitta	28651707	TRUE
Dugong_dugon	57632671	TRUE
Eira_barbara	285064	TRUE
Eliomys_quercinus	51740598	TRUE
Eospalax_fontanierii	59200000	TRUE
Eptesicus_fuscus	49033427	TRUE
Equus_caballus	99223387	TRUE
Equus_kiang	107027433	TRUE
Erythrocebus_patas	18747272	TRUE
Eschrichtius_robustus	39209000	TRUE
Eubalaena_glacialis	37467374	TRUE
Eumetopias_jubatus	242372	TRUE
Felis_catus	149421202	TRUE
Felis_chaus	91188488	TRUE
Geomys_bursarius	11757861	TRUE
Gorilla_gorilla	150804130	TRUE
Grampus_griseus	3106000	TRUE
Heterohyrax_brucei	78495281	TRUE
Hipposideros_larvatus	19276934	TRUE
Hyaena_hyaena	311202	TRUE
Hydrurga_leptonyx	99454515	TRUE
Hylobates_pileatus	17385161	TRUE
Ia_io	62415887	TRUE
Inia_geoffrensis	41942625	TRUE
Jaculus_jaculus	22593140	TRUE
Kogia_breviceps	42780423	TRUE
Kogia_sima	79492	TRUE
Lasiopodomys_brandtii	242526	TRUE
Lasiopodomys_mandarinus	94995	TRUE
Lemmus_lemmus	51466831	TRUE
Lemur_catta	32529614	TRUE
Leontopithecus_rosalia	54097536	TRUE
Lepus_capensis	30546000	TRUE
Lepus_castroviejoi	58008274	TRUE
Lepus_europaeus	43409466	TRUE
Lepus_oiostolus	58464897	TRUE
Lepus_timidus	4885811	TRUE
Lepus_tolai	134987039	TRUE
Lepus_yarkandensis	126863262	TRUE
Lontra_canadensis	691969	TRUE
Loris_tardigradus	7727436	TRUE
Loxodonta_africana	82653632	TRUE
Lutra_lutra	30403456	TRUE
Lycaon_pictus	39426608	TRUE
Lynx_canadensis	7503561	TRUE
Lynx_rufus	66217191	TRUE
Macaca_assamensis	27348716	TRUE
Macaca_cyclopis	7139826	TRUE
Macaca_fascicularis	162126771	TRUE
Macaca_mulatta	162285572	TRUE
Macaca_nemestrina	40835442	TRUE
Macaca_nigra	60712129	TRUE
Macaca_silenus	25691658	TRUE
Macroderma_gigas	37658598	TRUE
Macrotus_californicus	16386	TRUE
Manis_javanica	61244301	TRUE
Manis_pentadactyla	25547713	TRUE
Marmota_flaviventris	52587502	TRUE
Marmota_himalayana	102162	TRUE
Marmota_monax	10671126	TRUE
Martes_flavigula	68603938	TRUE
Martes_foina	64160893	TRUE
Martes_martes	1599794	TRUE
Mastacomys_fuscus	371229	TRUE
Megaderma_spasma	25520250	TRUE
Megaptera_novaeangliae	36344089	TRUE
Meles_meles	75210923	TRUE
Mephitis_mephitis	39934464	TRUE
Meriones_unguiculatus	50173090	TRUE
Mesocricetus_auratus	9471653	TRUE
Mesoplodon_densirostris	48253041	TRUE
Microcebus_murinus	102817952	TRUE
Micromys_minutus	1835000	TRUE
Micronycteris_microtis	59308170	TRUE
Microtus_agrestis	2938971	TRUE
Microtus_californicus	49752295	TRUE
Microtus_oregoni	34833828	TRUE
Microtus_pennsylvanicus	63584353	TRUE
Miniopterus_schreibersii	2346505	TRUE
Mirounga_leonina	197908	TRUE
Molossus_molossus	21658165	TRUE
Monachus_monachus	90875510	TRUE
Monodon_monoceros	22031227	TRUE
Mops_condylurus	56964224	TRUE
Moschus_berezovskii	91326797	TRUE
Muntiacus_crinifrons	25225000	TRUE
Muntiacus_gongshanensis	24226309	TRUE
Mus_minutoides	74168	TRUE
Mus_musculus	59462871	TRUE
Mus_spretus	10023970	TRUE
Mustela_erminea	36329944	TRUE
Mustela_lutreola	83356672	TRUE
Mustela_nivalis	1161649	TRUE
Myospalax_psilurus	23106468	TRUE
Myotis_daubentonii	28718153	TRUE
Myotis_emarginatus	2127843	TRUE
Myotis_mystacinus	28343623	TRUE
Myotis_nattereri	2100158	TRUE
Myotis_nesopolus	49124421	TRUE
Myotis_yumanensis	28025655	TRUE
Myrmecophaga_tridactyla	1101534	TRUE
Neofelis_nebulosa	51579577	TRUE
Neotoma_floridana	28556977	TRUE
Nomascus_leucogenys	102188915	TRUE
Nyctalus_aviator	61249120	TRUE
Nyctalus_leisleri	26125689	TRUE
Nyctereutes_procyonoides	35077230	TRUE
Nycticebus_bengalensis	19794679	TRUE
Nycticebus_coucang	41197715	TRUE
Ochotona_argentata	33442122	TRUE
Ochotona_princeps	12191025	TRUE
Ondatra_zibethicus	73746	TRUE
Onychomys_arenicola	29018958	TRUE
Onychomys_leucogaster	19200283	TRUE
Onychomys_torridus	2276141	TRUE
Orcinus_orca	45583382	TRUE
Orycteropus_afer	166734673	TRUE
Oryctolagus_cuniculus	138122305	TRUE
Otocyon_megalotis	616011	TRUE
Ovis_aries	103395564	TRUE
Ovis_canadensis	105224494	TRUE
Pachyuromys_duprasi	47150	TRUE
Paguma_larvata	12856992	TRUE
Pan_paniscus	147028407	TRUE
Pan_troglodytes	146288486	TRUE
Panthera_leo	77781637	TRUE
Panthera_onca	42469011	TRUE
Panthera_pardus	22236240	TRUE
Panthera_tigris	74391967	TRUE
Pantholops_hodgsonii	84561976	TRUE
Papio_anubis	1465768	TRUE
Papio_hamadryas	24989958	TRUE
Peponocephala_electra	57154926	TRUE
Peromyscus_eremicus	1332236	TRUE
Peromyscus_leucopus	4102727	TRUE
Phacochoerus_africanus	10602503	TRUE
Phoca_vitulina	283887	TRUE
Phocoena_phocoena	3726689	TRUE
Phocoena_sinus	20218762	TRUE
Phodopus_roborovskii	25775705	TRUE
Phodopus_sungorus	55879606	TRUE
Phyllostomus_discolor	15176516	TRUE
Phyllostomus_hastatus	31525663	TRUE
Pipistrellus_abramus	60509936	TRUE
Pipistrellus_nathusii	19092895	TRUE
Pipistrellus_pipistrellus	4446752	TRUE
Pipistrellus_pygmaeus	54047000	TRUE
Platyrrhinus_helleri	49393690	TRUE
Plecotus_auritus	2948753	TRUE
Pongo_abelii	146197178	TRUE
Pongo_pygmaeus	140592248	TRUE
Prionailurus_bengalensis	82622880	TRUE
Prionailurus_viverrinus	68766634	TRUE
Psammomys_obesus	76389	TRUE
Pseudomys_desertor	536677	TRUE
Pseudorca_crassidens	58817648	TRUE
Pteromys_volans	60698384	TRUE
Pteropus_alecto	31841	TRUE
Pteropus_pselaphon	394964	TRUE
Puma_concolor	42297498	TRUE
Rattus_norvegicus	64250101	TRUE
Rattus_rattus	1635336	TRUE
Rhabdomys_pumilio	45029	TRUE
Rhinolophus_affinis	65534120	TRUE
Rhinolophus_clivosus	68120538	TRUE
Rhinolophus_ferrumequinum	31900497	TRUE
Rhinolophus_hipposideros	2014157	TRUE
Rhinolophus_rex	75261663	TRUE
Rhinolophus_sinicus	42906106	TRUE
Rhinolophus_trifoliatus	11115074	TRUE
Rhinopithecus_bieti	5779005	TRUE
Rhinopithecus_roxellana	5723610	TRUE
Rhinopoma_microphyllum	33347918	TRUE
Rhynchocyon_petersi	13791435	TRUE
Rhynchomys_soricoides	79773	TRUE
Rhynchonycteris_naso	108301702	TRUE
Rousettus_aegyptiacus	21756723	TRUE
Rousettus_leschenaultii	86068516	TRUE
Rupicapra_rupicapra	77662214	TRUE
Saccopteryx_bilineata	20047694	TRUE
Saccopteryx_leptura	17619988	TRUE
Saguinus_midas	10987047	TRUE
Saguinus_oedipus	91852676	TRUE
Saimiri_boliviensis	69222429	TRUE
Salpingotus_crassicauda	13709620	TRUE
Scaptochirus_moschatus	67659624	TRUE
Sciurus_carolinensis	13975867	TRUE
Sciurus_vulgaris	16333633	TRUE
Scotinomys_teguina	1427988	TRUE
Scutisorex_somereni	3169756	TRUE
Sigmodon_hispidus	77390441	TRUE
Sorex_fumeus	42400022	TRUE
Sorex_ornatus	19322863	TRUE
Spermophilus_citellus	3445081	TRUE
Suncus_etruscus	5042816	TRUE
Suncus_murinus	108479493	TRUE
Sus_scrofa	144930921	TRUE
Sylvilagus_floridanus	34907720	TRUE
Symphalangus_syndactylus	146713733	TRUE
Tadarida_brasiliensis	86333355	TRUE
Tadarida_teniotis	53136000	TRUE
Talpa_europaea	3507589	TRUE
Talpa_occidentalis	2611709	TRUE
Tamandua_tetradactyla	9869167	TRUE
Tamias_sibiricus	9422552	TRUE
Tapirus_indicus	56553937	TRUE
Tenrec_ecaudatus	71825797	TRUE
Thomomys_bottae	6183328	TRUE
Tokudaia_muenninki	19740843	TRUE
Trachypithecus_francoisi	16182741	TRUE
Trachypithecus_germaini	55907425	TRUE
Trachypithecus_shortridgei	50335884	TRUE
Trichechus_inunguis	25109643	TRUE
Tupaia_tana	7425133	TRUE
Tursiops_truncatus	9729386	TRUE
Typhlomys_cinereus	1971523	TRUE
Urocyon_cinereoargenteus	59386518	TRUE
Uromys_caudimaculatus	49189	TRUE
Ursus_americanus	13882922	TRUE
Ursus_arctos	43943000	TRUE
Ursus_maritimus	206653	TRUE
Vespertilio_murinus	3319810	TRUE
Vulpes_corsac	41624634	TRUE
Vulpes_ferrilata	52909674	TRUE
Vulpes_lagopus	33460300	TRUE
Vulpes_vulpes	55675583	TRUE
Zalophus_californianus	60554208	TRUE
