species	order
Amblysomus_hottentotus	Afrosoricida
Tenrec_ecaudatus	Afrosoricida
Axis_porcinus	Artiodactyla
Balaenoptera_edeni	Artiodactyla
Balaenoptera_musculus	Artiodactyla
Balaenoptera_physalus	Artiodactyla
Bison_bonasus	Artiodactyla
Bos_javanicus	Artiodactyla
Bos_taurus	Artiodactyla
Budorcas_taxicolor	Artiodactyla
Camelus_dromedarius	Artiodactyla
Capra_hircus	Artiodactyla
Capra_ibex	Artiodactyla
Capra_nubiana	Artiodactyla
Capreolus_capreolus	Artiodactyla
Capricornis_sumatraensis	Artiodactyla
Cervus_elaphus	Artiodactyla
Cervus_nippon	Artiodactyla
Dama_dama	Artiodactyla
Delphinapterus_leucas	Artiodactyla
Delphinus_delphis	Artiodactyla
Eschrichtius_robustus	Artiodactyla
Eubalaena_glacialis	Artiodactyla
Grampus_griseus	Artiodactyla
Inia_geoffrensis	Artiodactyla
Kogia_breviceps	Artiodactyla
Kogia_sima	Artiodactyla
Megaptera_novaeangliae	Artiodactyla
Mesoplodon_densirostris	Artiodactyla
Monodon_monoceros	Artiodactyla
Moschus_berezovskii	Artiodactyla
Muntiacus_crinifrons	Artiodactyla
Muntiacus_gongshanensis	Artiodactyla
Orcinus_orca	Artiodactyla
Ovis_aries	Artiodactyla
Ovis_canadensis	Artiodactyla
Pantholops_hodgsonii	Artiodactyla
Peponocephala_electra	Artiodactyla
Phacochoerus_africanus	Artiodactyla
Phocoena_phocoena	Artiodactyla
Phocoena_sinus	Artiodactyla
Pseudorca_crassidens	Artiodactyla
Rupicapra_rupicapra	Artiodactyla
Sus_scrofa	Artiodactyla
Tursiops_truncatus	Artiodactyla
Acinonyx_jubatus	Carnivora
Ailuropoda_melanoleuca	Carnivora
Arctocephalus_gazella	Carnivora
Canis_aureus	Carnivora
Canis_latrans	Carnivora
Canis_lupus	Carnivora
Eira_barbara	Carnivora
Eumetopias_jubatus	Carnivora
Felis_catus	Carnivora
Felis_chaus	Carnivora
Hyaena_hyaena	Carnivora
Hydrurga_leptonyx	Carnivora
Lontra_canadensis	Carnivora
Lutra_lutra	Carnivora
Lycaon_pictus	Carnivora
Lynx_canadensis	Carnivora
Lynx_rufus	Carnivora
Martes_flavigula	Carnivora
Martes_foina	Carnivora
Martes_martes	Carnivora
Meles_meles	Carnivora
Mephitis_mephitis	Carnivora
Mirounga_leonina	Carnivora
Monachus_monachus	Carnivora
Mustela_erminea	Carnivora
Mustela_lutreola	Carnivora
Mustela_nivalis	Carnivora
Neofelis_nebulosa	Carnivora
Nyctereutes_procyonoides	Carnivora
Otocyon_megalotis	Carnivora
Paguma_larvata	Carnivora
Panthera_leo	Carnivora
Panthera_onca	Carnivora
Panthera_pardus	Carnivora
Panthera_tigris	Carnivora
Phoca_vitulina	Carnivora
Prionailurus_bengalensis	Carnivora
Prionailurus_viverrinus	Carnivora
Puma_concolor	Carnivora
Urocyon_cinereoargenteus	Carnivora
Ursus_americanus	Carnivora
Ursus_arctos	Carnivora
Ursus_maritimus	Carnivora
Vulpes_corsac	Carnivora
Vulpes_ferrilata	Carnivora
Vulpes_lagopus	Carnivora
Vulpes_vulpes	Carnivora
Zalophus_californianus	Carnivora
Anoura_caudifer	Chiroptera
Antrozous_pallidus	Chiroptera
Artibeus_jamaicensis	Chiroptera
Artibeus_lituratus	Chiroptera
Aselliscus_stoliczkanus	Chiroptera
Corynorhinus_townsendii	Chiroptera
Cynopterus_sphinx	Chiroptera
Desmodus_rotundus	Chiroptera
Eptesicus_fuscus	Chiroptera
Hipposideros_larvatus	Chiroptera
Ia_io	Chiroptera
Macroderma_gigas	Chiroptera
Macrotus_californicus	Chiroptera
Megaderma_spasma	Chiroptera
Micronycteris_microtis	Chiroptera
Miniopterus_schreibersii	Chiroptera
Molossus_molossus	Chiroptera
Mops_condylurus	Chiroptera
Myotis_daubentonii	Chiroptera
Myotis_emarginatus	Chiroptera
Myotis_mystacinus	Chiroptera
Myotis_nattereri	Chiroptera
Myotis_nesopolus	Chiroptera
Myotis_yumanensis	Chiroptera
Nyctalus_aviator	Chiroptera
Nyctalus_leisleri	Chiroptera
Phyllostomus_discolor	Chiroptera
Phyllostomus_hastatus	Chiroptera
Pipistrellus_abramus	Chiroptera
Pipistrellus_nathusii	Chiroptera
Pipistrellus_pipistrellus	Chiroptera
Pipistrellus_pygmaeus	Chiroptera
Platyrrhinus_helleri	Chiroptera
Plecotus_auritus	Chiroptera
Pteropus_alecto	Chiroptera
Pteropus_pselaphon	Chiroptera
Rhinolophus_affinis	Chiroptera
Rhinolophus_clivosus	Chiroptera
Rhinolophus_ferrumequinum	Chiroptera
Rhinolophus_hipposideros	Chiroptera
Rhinolophus_rex	Chiroptera
Rhinolophus_sinicus	Chiroptera
Rhinolophus_trifoliatus	Chiroptera
Rhinopoma_microphyllum	Chiroptera
Rhynchonycteris_naso	Chiroptera
Rousettus_aegyptiacus	Chiroptera
Rousettus_leschenaultii	Chiroptera
Saccopteryx_bilineata	Chiroptera
Saccopteryx_leptura	Chiroptera
Tadarida_brasiliensis	Chiroptera
Tadarida_teniotis	Chiroptera
Vespertilio_murinus	Chiroptera
Dasypus_novemcinctus	Cingulata
Cynocephalus_volans	Dermoptera
Crocidura_zimmermanni	Eulipotyphla
Scaptochirus_moschatus	Eulipotyphla
Scutisorex_somereni	Eulipotyphla
Sorex_fumeus	Eulipotyphla
Sorex_ornatus	Eulipotyphla
Suncus_etruscus	Eulipotyphla
Suncus_murinus	Eulipotyphla
Talpa_europaea	Eulipotyphla
Talpa_occidentalis	Eulipotyphla
Heterohyrax_brucei	Hyracoidea
Lepus_capensis	Lagomorpha
Lepus_castroviejoi	Lagomorpha
Lepus_europaeus	Lagomorpha
Lepus_oiostolus	Lagomorpha
Lepus_timidus	Lagomorpha
Lepus_tolai	Lagomorpha
Lepus_yarkandensis	Lagomorpha
Ochotona_argentata	Lagomorpha
Ochotona_princeps	Lagomorpha
Oryctolagus_cuniculus	Lagomorpha
Sylvilagus_floridanus	Lagomorpha
Rhynchocyon_petersi	Macroscelidea
Equus_caballus	Perissodactyla
Equus_kiang	Perissodactyla
Tapirus_indicus	Perissodactyla
Manis_javanica	Pholidota
Manis_pentadactyla	Pholidota
Bradypus_torquatus	Pilosa
Choloepus_didactylus	Pilosa
Myrmecophaga_tridactyla	Pilosa
Tamandua_tetradactyla	Pilosa
Ateles_fusciceps	Primates
Ateles_geoffroyi	Primates
Ateles_hybridus	Primates
Brachyteles_arachnoides	Primates
Callithrix_jacchus	Primates
Cebus_albifrons	Primates
Chlorocebus_sabaeus	Primates
Colobus_guereza	Primates
Daubentonia_madagascariensis	Primates
Erythrocebus_patas	Primates
Gorilla_gorilla	Primates
Hylobates_pileatus	Primates
Lemur_catta	Primates
Leontopithecus_rosalia	Primates
Loris_tardigradus	Primates
Macaca_assamensis	Primates
Macaca_cyclopis	Primates
Macaca_fascicularis	Primates
Macaca_mulatta	Primates
Macaca_nemestrina	Primates
Macaca_nigra	Primates
Macaca_silenus	Primates
Microcebus_murinus	Primates
Nomascus_leucogenys	Primates
Nycticebus_bengalensis	Primates
Nycticebus_coucang	Primates
Pan_paniscus	Primates
Pan_troglodytes	Primates
Papio_anubis	Primates
Papio_hamadryas	Primates
Pongo_abelii	Primates
Pongo_pygmaeus	Primates
Rhinopithecus_bieti	Primates
Rhinopithecus_roxellana	Primates
Saguinus_midas	Primates
Saguinus_oedipus	Primates
Saimiri_boliviensis	Primates
Symphalangus_syndactylus	Primates
Trachypithecus_francoisi	Primates
Trachypithecus_germaini	Primates
Trachypithecus_shortridgei	Primates
Loxodonta_africana	Proboscidea
Acomys_cahirinus	Rodentia
Acomys_dimidiatus	Rodentia
Acomys_kempi	Rodentia
Acomys_minous	Rodentia
Acomys_percivali	Rodentia
Acomys_russatus	Rodentia
Apodemus_agrarius	Rodentia
Apodemus_speciosus	Rodentia
Apodemus_sylvaticus	Rodentia
Arvicanthis_niloticus	Rodentia
Arvicola_amphibius	Rodentia
Castor_canadensis	Rodentia
Castor_fiber	Rodentia
Chionomys_nivalis	Rodentia
Cricetus_cricetus	Rodentia
Ctenodactylus_gundi	Rodentia
Cynomys_gunnisoni	Rodentia
Cynomys_ludovicianus	Rodentia
Dipodomys_merriami	Rodentia
Dipodomys_spectabilis	Rodentia
Dipus_sagitta	Rodentia
Eliomys_quercinus	Rodentia
Eospalax_fontanierii	Rodentia
Geomys_bursarius	Rodentia
Jaculus_jaculus	Rodentia
Lasiopodomys_brandtii	Rodentia
Lasiopodomys_mandarinus	Rodentia
Lemmus_lemmus	Rodentia
Marmota_flaviventris	Rodentia
Marmota_himalayana	Rodentia
Marmota_monax	Rodentia
Mastacomys_fuscus	Rodentia
Meriones_unguiculatus	Rodentia
Mesocricetus_auratus	Rodentia
Micromys_minutus	Rodentia
Microtus_agrestis	Rodentia
Microtus_californicus	Rodentia
Microtus_oregoni	Rodentia
Microtus_pennsylvanicus	Rodentia
Mus_minutoides	Rodentia
Mus_musculus	Rodentia
Mus_spretus	Rodentia
Myospalax_psilurus	Rodentia
Neotoma_floridana	Rodentia
Ondatra_zibethicus	Rodentia
Onychomys_arenicola	Rodentia
Onychomys_leucogaster	Rodentia
Onychomys_torridus	Rodentia
Pachyuromys_duprasi	Rodentia
Peromyscus_eremicus	Rodentia
Peromyscus_leucopus	Rodentia
Phodopus_roborovskii	Rodentia
Phodopus_sungorus	Rodentia
Psammomys_obesus	Rodentia
Pseudomys_desertor	Rodentia
Pteromys_volans	Rodentia
Rattus_norvegicus	Rodentia
Rattus_rattus	Rodentia
Rhabdomys_pumilio	Rodentia
Rhynchomys_soricoides	Rodentia
Salpingotus_crassicauda	Rodentia
Sciurus_carolinensis	Rodentia
Sciurus_vulgaris	Rodentia
Scotinomys_teguina	Rodentia
Sigmodon_hispidus	Rodentia
Spermophilus_citellus	Rodentia
Tamias_sibiricus	Rodentia
Thomomys_bottae	Rodentia
Tokudaia_muenninki	Rodentia
Typhlomys_cinereus	Rodentia
Uromys_caudimaculatus	Rodentia
Tupaia_tana	Scandentia
Dugong_dugon	Sirenia
Trichechus_inunguis	Sirenia
Orycteropus_afer	Tubulidentata
