assem	all	pga	pga_like	pag
Acinonyx_jubatus__cheetah__HLaciJub3__GCF_027475565.1	2	1	1	0
Acomys_cahirinus__Egyptian_spiny_mouse__HLacoCah2	1	0	1	0
Acomys_dimidiatus__Eastern_spiny_mouse__HLacoDim1__GCA_907164435.1	1	0	1	0
Acomys_kempi__Kemps_spiny_mouse__HLacoKem1__GCA_907164505.1	1	0	1	0
Acomys_minous__Crete_spiny_mouse__HLacoMin1__GCA_964271855.1	1	0	1	0
Acomys_percivali__Percivals_spiny_mouse__HLacoPer1__GCA_907169655.1	1	0	1	0
Acomys_russatus__golden_spiny_mouse__HLacoRus1__GCA_903995435.1	1	0	1	0
Ailuropoda_melanoleuca__giant_panda__HLailMel3__GCA_029963865.1	2	1	1	0
Alexandromys_fortis__Reed_vole__HLaleFor1__GCF_014885135.2	1	0	1	0
Alexandromys_fortis__reed_vole__HLmicFor1__GCA_014885135.1	1	0	1	0
Alexandromys_oeconomus__Root_vole__HLaleOec1__GCA_963919705.1	1	0	1	0
Amblysomus_hottentotus__Hottentot_golden_mole__HLambHott1A__GCA_054824725.1	2	1	1	0
Anoura_caudifer__tailed_tailless_bat__HLanoCau1__GCA_004027475.1	2	1	1	0
Antrozous_pallidus__pallid_bat__HLantPal2__GCA_027563665.1	6	1	5	0
Aonyx_cinereus__Asian_small-clawed_otter__HLaonCin1	2	1	1	0
Apodemus_agrarius__Eurasian_field_mouse__HLapoAgr1__GCA_964023405.1	1	0	1	0
Apodemus_speciosus__Large_Japanese_field_mouse__HLapoSpe1__GCA_045298715.1	1	0	1	0
Apodemus_sylvaticus__European_woodmouse__HLapoSyl2__GCF_947179515.1	1	0	1	0
Arctocephalus_gazella__Antarctic_fur_seal__HLarcGaze3A__GCA_040869175.1	2	1	1	0
Arctocephalus_gazella__antarctic_fur_seal__HLarcGaz2__GCA_900642305.1	2	1	1	0
Artibeus_jamaicensis__Jamaican_fruit-eating_bat__HLartJam2__GCA_014825515.1	2	1	1	0
Artibeus_jamaicensis__Jamaican_fruit-eating_bat__HLartJam3__GCA_021234435.1	2	1	1	0
Artibeus_lituratus__Great_fruit-eating_bat__HLartLit1A__GCA_038363095.2	2	1	1	0
Artibeus_lituratus__Great_fruit-eating_bat__HLartLitu2A__GCA_038363095.4	2	1	1	0
Arvicanthis_niloticus__African_grass_rat__HLarvNil1__GCA_011762505.1	1	0	1	0
Arvicanthis_niloticus__Nile_rat__HLarvNilo2__GCF_011762505.2	1	0	1	0
Arvicola_amphibius__Eurasian_water_mole__HLarvAmp1__GCA_903992535.1	1	0	1	0
Aselliscus_stoliczkanus__Stoliczkas_trident_bat__HLaseSto2__GCA_043727835.1	2	1	1	0
Aselliscus_stoliczkanus__Stoliczkas_trident_bat__HLaseSto4__GCA_033961575.1	2	1	1	0
Ateles_fusciceps__Brown-headed_spider_monkey__HLateFus1__GCA_036589455.2	1	1	0	0
Ateles_geoffroyi__black-handed_spider_monkey__HLateGeo2__GCA_023783555.1	1	1	0	0
Ateles_hybridus__brown_spider_monkey__HLateHyb1__GCA_916098195.1	1	1	0	0
Axis_porcinus__Hog_deer__HLaxiPorc2A__GCA_054883215.1	52	1	0	51
Balaenoptera_edeni__Edens_whale__HLbalEden2__GCA_052818205.1	3	1	0	2
Balaenoptera_musculus__Blue_whale__HLbalMus2__GCF_009873245.2	3	1	0	2
Balaenoptera_physalus__Fin_whale__HLbalPhy3__GCA_023338255.1	1	1	0	0
Balaenoptera_ricei__Rices_whale__HLbalRic2__GCF_028023285.1	3	1	0	2
Bison_bonasus__European_bison__HLbisBon1__GCA_963879515.1	61	1	0	60
Bos_javanicus__banteng__HLbosJav1__GCF_032452875.1	60	1	0	59
Bos_taurus__cattle__HLbosTau10__GCF_002263795.3	53	1	0	52
Bos_taurus__cattle__bosTau9__GCF_002263795.1	53	1	0	52
Brachyteles_arachnoides__Woolly_spider_monkey__HLbraAra1__GCA_047496155.1	2	1	1	0
Bradypus_torquatus__Maned_three-toed_sloth__HLbraTor4__GCA_963992745.1	2	1	1	0
Bubalus_bubalis__water_buffalo__HLbubBub2__GCA_003121395.1	65	1	0	64
Bubalus_kerabau__carabao__HLbubKer1__GCF_029407905.1	71	1	0	70
Budorcas_taxicolor__takin__HLbudTax1__GCA_023091745.1	68	1	0	67
Callithrix_jacchus__White-tufted-ear_marmoset__HLcalJacc6__GCA_049354715.1	2	1	1	0
Callithrix_jacchus__white-tufted-ear_marmoset__HLcalJac5__GCF_011100555.1	2	1	1	0
Callithrix_jacchus__white-tufted-ear_marmoset__calJac4__GCF_009663435.1	2	1	1	0
Callospermophilus_lateralis__Golden-mantled_ground_squirrel__HLcalLat1A__GCA_048772815.1	1	0	1	0
Callospermophilus_lateralis__Golden-mantled_ground_squirrel__HLcalLat1B__GCA_048772825.1	1	0	1	0
Camelus_dromedarius__Arabian_camel__HLcamDro2__GCA_000803125.3	2	1	0	1
Camelus_dromedarius__Arabian_camel__HLcamDro3A__GCF_036321535.1	2	1	0	1
Camelus_dromedarius__Arabian_camel__HLcamDro3B__GCA_036321565.1	2	1	0	1
Camelus_ferus__Wild_Bactrian_camel__HLcamFer3__GCA_009834535.1	2	1	0	1
Canis_aureus__Golden_jackal__HLcanAure1__GCF_053574225.1	2	1	1	0
Canis_latrans__Coyote__HLcanLat1__GCA_034620425.1	2	1	1	0
Canis_lupus_baileyi__Mexican_gray_wolf__HLcanLupBai8A__GCF_048164855.1	2	1	1	0
Canis_lupus_dingo__dingo__HLcanLupDin2	2	1	1	0
Canis_lupus_familiaris__Dog__HLcanLupFam7__GCF_014441545.1	2	1	1	0
Canis_lupus_familiaris__dog__canFam4__GCA_011100685.1	2	1	1	0
Canis_lupus_familiaris__dog__canFam5__GCA_005444595.1	2	1	1	0
Canis_lupus_familiaris__dog__canFam6__GCF_000002285.5	2	1	1	0
Canis_lupus__Gray_wolf__HLcanLup8__GCA_905319855.2	2	1	1	0
Capra_hircus__Goat__HLcapHirc3__GCA_041735815.1	80	1	0	79
Capra_hircus__goat__HLcapHir2__GCA_001704415.1	73	1	0	72
Capra_ibex__Alpine_ibex__HLcapIbex2__GCA_054642885.1	78	1	0	77
Capra_nubiana__Nubian_ibex__HLcapNubi1A__GCA_054855995.1	67	1	0	66
Capreolus_capreolus__Western_roe_deer__HLcapCap1__GCA_951849835.1	39	1	0	38
Capricornis_sumatraensis__Sumatran_serow__HLcapSum1__GCF_032405125.1	55	1	0	54
Castor_canadensis__American_beaver__HLcasCan3	1	0	1	0
Castor_canadensis__American_beaver__HLcasCana4A__GCA_047511655.2	1	0	1	0
Castor_canadensis__American_beaver__HLcasCana5__GCA_001984765.2	1	0	1	0
Castor_fiber__Eurasian_beaver__HLcasFibe1__GCA_977036005.1	1	0	1	0
Cebus_albifrons__white-fronted_capuchin__HLcebAlb2__GCA_023783575.1	2	1	1	0
Cephalopachus_bancanus__Horsfields_tarsier__HLcepBan1__GCA_027257055.1	2	0	2	0
Cephalophula_zebra__Zebra_duiker__HLcepZebr1A__GCA_054099735.1	67	1	0	66
Ceratotherium_simum_cottoni__northern_white_rhinoceros__HLcerSimCot2__GCA_021442165.1	8	7	1	0
Ceratotherium_simum_simum__Southern_white_rhinoceros__HLcerSimuSim3__GCA_023653735.1	8	7	1	0
Cervus_albirostris__White-lipped_deer__HLprzAlb2__GCA_046563475.1	44	1	0	43
Cervus_elaphus__red_deer__HLcerEla2__GCF_910594005.1	50	1	0	49
Cervus_nippon__Sika_deer__HLcerNip1__GCA_040085125.1	69	1	0	68
Chionomys_nivalis__European_snow_vole__HLchiNiv1__GCF_950005125.1	1	0	1	0
Chlorocebus_sabaeus__green_monkey__HLchlSab3__GCF_015252025.1	3	3	0	0
Choloepus_didactylus__southern_two-toed_sloth__HLchoDid2__GCF_015220235.1	2	1	1	0
Clethrionomys_rutilus__Northern_red-backed_vole__HLcleRut1__GCA_040207285.1	1	0	1	0
Colobus_guereza__Mantled_guereza__HLcolGuer2__GCA_030247045.1	4	3	1	0
Colobus_guereza__mantled_guereza__HLcolGue1__GCA_021498455.1	3	3	0	0
Corynorhinus_townsendii__Townsends_big-eared_bat__HLcorTow1A__GCA_026230055.1	7	1	6	0
Corynorhinus_townsendii__Townsends_big-eared_bat__HLcorTow1B__GCA_026230045.1	12	1	11	0
Cricetomys_ansorgei__southern_giant_pouched_rat__HLcriAns1	1	0	1	0
Cricetulus_griseus__Chinese_hamster__HLcriGri3__GCA_003668045.1	1	0	1	0
Cricetus_cricetus__Black-bellied_hamster__HLcriCri1__GCA_964304595.1	1	0	1	0
Crocidura_gueldenstaedtii__Guldenstadts_white-toothed_shrew__HLcroGuel1__GCA_965212715.2	2	1	1	0
Crocidura_zimmermanni__Zimmermanns_shrew__HLcroZim1__GCA_965212715.1	2	1	1	0
Ctenodactylus_gundi__Northern_gundi__HLcteGund2A__GCA_048771875.1	1	0	1	0
Cynocephalus_volans__Philippine_flying_lemur__HLcynVol1__GCA_027409185.1	1	1	0	0
Cynomys_gunnisoni__Gunnisons_prairie_dog__HLcynGun1__GCA_011316645.1	1	0	1	0
Cynomys_ludovicianus__Black-tailed_prairie_dog__HLcynLudo1__GCA_052576455.1	2	0	2	0
Cynopterus_sphinx__Indian_short-nosed_fruit_bat__HLcynSph1__GCA_030015415.1	2	1	1	0
Dama_dama__fallow_deer__HLdamDam1__GCF_033118175.1	55	1	0	54
Dasypus_novemcinctus__Nine-banded_armadillo__HLdasNove5A__GCF_030445035.2	9	1	8	0
Dasypus_novemcinctus__nine-banded_armadillo__HLdasNov4__GCF_030445035.1	8	1	7	0
Daubentonia_madagascariensis__aye-aye__HLdauMad1__GCA_004027145.1	2	1	1	0
Daubentonia_madagascariensis__aye-aye__HLdauMad2__GCA_023783475.1	2	1	1	0
Delphinapterus_leucas__beluga_whale__HLdelLeu4__GCA_035221355.1	2	1	0	1
Delphinus_delphis__Saddleback_dolphin__HLdelDelp3__GCA_030062865.2	8	1	0	7
Delphinus_delphis__saddleback_dolphin__HLdelDel2__GCA_030062865.1	8	1	0	7
Dermanura_phaeotis__Dwarf_fruit-eating_bat__HLderPhae1A__GCA_051107565.1	2	1	1	0
Desmodus_rotundus__common_vampire_bat__HLdesRot15A	2	1	1	0
Diceros_bicornis_minor__black_rhinoceros__HLdicBicMin2__GCA_020826845.1	8	7	1	0
Dipodomys_merriami__Merriams_kangaroo_rat__HLdipMer1__GCA_024711535.1	1	0	1	0
Dipodomys_spectabilis__banner-tailed_kangaroo_rat__HLdipSpe1__GCF_019054845.1	1	0	1	0
Dipus_sagitta__northern_three-toed_jerboa__HLdipSag1__GCA_036346955.1	1	0	1	0
Doryrhina_cyclops__cyclops_roundleaf_bat__HLhipCyc2__GCA_043880285.1	2	1	1	0
Dugong_dugon__Dugong__HLdugDugo3A__GCA_030035585.1	2	1	1	0
Eira_barbara__Tayra__HLeirBar1__GCA_020311275.1	2	1	1	0
Elephas_maximus_indicus__Asiatic_elephant__HLeleMax2__GCA_024166365.1	2	1	1	0
Elephas_maximus_indicus__Asiatic_elephant__HLeleMaxInd3A__GCF_024166365.1	2	1	1	0
Eliomys_quercinus__garden_dormouse__HLeliQue1A__GCA_051143605.1	1	0	1	0
Eliomys_quercinus__garden_dormouse__HLeliQue1B__GCA_051143595.1	1	0	1	0
Enhydra_lutris_kenyoni__sea_otter__enhLutKen1__GCF_002288905.1	2	1	1	0
Eospalax_fontanierii__Chinese_zokor__HLeosFon1__GCA_035773235.1	1	0	1	0
Eptesicus_fuscus__big_brown_bat__HLeptFus3__GCF_027574615.1	6	1	5	0
Equus_asinus__Ass__HLequAsin4__GCF_041296235.1	11	10	1	0
Equus_caballus__Horse__HLequCaba4__GCF_041296265.1	11	10	1	0
Equus_kiang__Kiang__HLequKian1__GCA_052150635.1	11	10	1	0
Erythrocebus_patas__red_guenon__HLeryPat3__GCA_023783455.1	4	4	0	0
Eschrichtius_robustus__grey_whale__HLescRob3__GCA_028021215.1	3	1	0	2
Eubalaena_glacialis__North_Atlantic_right_whale__HLeubGla2__GCF_028564815.1	3	1	0	2
Eulemur_flavifrons__Sclaters_lemur__HLeulFla1	2	1	1	0
Eulemur_rufifrons__Bennetts_brown_lemur__HLeulRuf1__GCA_041146395.1	2	1	1	0
Eumetopias_jubatus__Steller_sea_lion__HLeumJub1__GCA_004028035.1	2	1	1	0
Felis_catus__Domestic_cat__HLfelCatu10__GCA_051911835.1	2	1	1	0
Felis_catus__domestic_cat__felCat9__GCF_000181335.3	2	1	1	0
Felis_chaus__jungle_cat__HLfelCha1__GCA_019924945.1	2	1	1	0
Gardnerycteris_keenani__Keenans_Hairy-nosed_Bat__HLgarKeen1A__GCA_050655435.1	2	1	1	0
Geomys_bursarius__Plains_pocket_gopher__HLgeoBur1__GCA_040207655.1	1	0	1	0
Gorilla_gorilla_gorilla__western_lowland_gorilla__gorGor6__GCF_008122165.1	4	4	0	0
Gorilla_gorilla__western_gorilla__HLgorGor7__GCA_029281585.3	4	4	0	0
Grammomys_surdaster__African_woodland_thicket_rat__HLgraSur1__GCA_004785775.1	1	0	1	0
Grampus_griseus__Rissos_dolphin__HLgraGris2A__GCA_964374135.1	2	1	0	1
Gulo_gulo_luscus__American_wolverine__HLgulGulLus2__GCA_024510155.1	2	1	1	0
Herpailurus_yagouaroundi__jaguarundi__HLpumYag1__GCA_014898765.1	2	1	1	0
Heterohyrax_brucei__yellow-spotted_hyrax__HLhetBru2__GCA_028571685.1	2	1	1	0
Hexaprotodon_liberiensis__pygmy_hippopotamus__HLhexLib1__GCA_023065765.1	13	1	0	12
Hipposideros_larvatus__Intermediate_roundleaf_bat__HLhipLar2__GCA_043727955.1	2	1	1	0
Hipposideros_pendleburyi__Pendleburys_leaf-nosed_bat__HLhipPen1__GCA_021464545.1	2	1	1	0
Hoolock_leuconedys__eastern_hoolock_gibbon__HLhooLeu1__GCA_023748175.1	4	3	1	0
Hyaena_hyaena__striped_hyena__HLhyaHya1__GCA_003009895.1	2	1	1	0
Hydrurga_leptonyx__Leopard_seal__HLhydLept1__GCA_050320145.1	2	1	1	0
Hylobates_pileatus__pileated_gibbon__HLhylPil1__GCA_021498465.1	3	2	1	0
Ia_io__Great_evening_bat__HLiaxIox1__GCA_025583905.1	2	1	1	0
Ictidomys_tridecemlineatus__Thirteen-lined_ground_squirrel__HLictTrid4A__GCA_052094955.1	1	0	1	0
Ictidomys_tridecemlineatus__Thirteen-lined_ground_squirrel__HLictTrid4B__GCA_052094965.1	1	0	1	0
Inia_geoffrensis__Boutu__HLiniGeo2A__GCA_036417435.1	7	1	0	6
Inia_geoffrensis__Boutu__HLiniGeo2B__GCA_036417475.1	5	1	0	4
Jaculus_jaculus__lesser_Egyptian_jerboa__HLjacJac2__GCA_020740685.1	1	0	1	0
Kogia_breviceps__pygmy_sperm_whale__HLkogBre3__GCF_026419965.1	4	1	0	3
Kogia_sima__dwarf_sperm_whale__HLkogSim1	1	1	0	0
Lama_glama_chaku__llama__HLlamGlaCha1__GCA_013239585.1	2	1	0	1
Lasiopodomys_brandtii__Brandts_vole__HLlasBran1__GCA_052819205.1	1	0	1	0
Lasiopodomys_mandarinus__Mandarin_vole__HLlasMand1__GCA_052819315.1	1	0	1	0
Lemmus_lemmus__Norway_lemming__HLlemLemm1__GCA_964027135.1	1	0	1	0
Lemur_catta__Ring-tailed_lemur__HLlemCat1__GCA_004024665.1	2	1	1	0
Lemur_catta__Ring-tailed_lemur__HLlemCat2__GCF_020740605.2	2	1	1	0
Leontopithecus_rosalia__Golden_lion_tamarin__HLleoRosa2A__GCA_054824895.1	2	1	1	0
Lepus_capensis__Brown_hare__HLlepCap1__GCA_042027585.1	9	8	1	0
Lepus_castroviejoi__Broom_Hare__HLlepCast1__GCA_978442995.1	9	8	1	0
Lepus_europaeus__European_hare__HLlepEur1__GCF_033115175.1	11	10	1	0
Lepus_oiostolus__Woolly_hare__HLlepOio1__GCA_036325905.1	9	8	1	0
Lepus_timidus__Mountain_hare__HLlepTimi2__GCA_040893245.2	12	11	1	0
Lepus_tolai__Tolai_hare__HLlepTola1__GCA_051942805.1	9	8	1	0
Lepus_yarkandensis__Yarkand_hare__HLlepYar1__GCA_047496845.1	13	12	1	0
Lontra_canadensis__Northern_American_river_otter__HLlonCan1__GCA_010015895.1	2	1	1	0
Lophostoma_evote__Davis_round-eared_bat__HLlopEvot1A__GCA_051307075.1	2	1	1	0
Loris_tardigradus__slender_loris__HLlorTar1__GCA_023783135.1	2	1	1	0
Loxodonta_africana__African_savanna_elephant__HLloxAfr5A__GCA_030014295.1	2	1	1	0
Loxodonta_africana__African_savanna_elephant__HLloxAfr5B__GCA_030020305.1	2	1	1	0
Lutra_lutra__Eurasian_river_otter__HLlutLut1__GCA_902655055.1	2	1	1	0
Lycaon_pictus__African_hunting_dog__HLlycPic3	2	1	1	0
Lycaon_pictus__African_hunting_dog__HLlycPict4A__GCA_040955705.1	2	1	1	0
Lynx_canadensis__Canada_lynx__HLlynCan1__GCA_007474595.1	2	1	1	0
Lynx_canadensis__Canada_lynx__HLlynCana2__GCF_007474595.2	2	1	1	0
Lynx_rufus__bobcat__HLlynRuf1__GCA_022079265.1	2	1	1	0
Macaca_assamensis__Assam_macaque__HLmacAss1__GCA_023783095.1	6	5	1	0
Macaca_cyclopis__Taiwan_macaque__HLmacCyc1__GCA_026956025.1	4	3	1	0
Macaca_fascicularis__Crab-eating_macaque__HLmacFas8__GCF_037993035.1	14	13	1	0
Macaca_fascicularis__crab-eating_macaque__HLmacFas7__GCF_012559485.2	1	1	0	0
Macaca_mulatta__Rhesus_monkey__HLmacMula11__GCF_049350105.2	5	4	1	0
Macaca_nemestrina__Pig-tailed_macaque__HLmacNeme2A__GCF_043159975.1	5	4	1	0
Macaca_nigra__Celebes_crested_macaque__HLmacNir1__GCA_928851695.1	5	4	1	0
Macaca_silenus__liontail_macaque__HLmacSil1__GCA_023807365.1	3	2	1	0
Macroderma_gigas__Australian_ghost_bat__HLmacGiga1__GCA_055471755.1	2	1	1	0
Macrotus_californicus__California_big-eared_bat__HLmacCal1__GCA_007922815.1	2	1	1	0
Manis_javanica__Malayan_pangolin__HLmanJav3__GCA_024605085.1	2	1	1	0
Manis_javanica__Malayan_pangolin__HLmanJava4__GCF_040802235.1	2	1	1	0
Manis_pentadactyla__Chinese_pangolin__HLmanPen4__GCF_030020395.1	2	1	1	0
Marmota_flaviventris__Yellow-bellied_marmot__HLmarFlav2A__GCF_047511675.1	1	0	1	0
Marmota_flaviventris__Yellow-bellied_marmot__HLmarFlav2B__GCA_047512175.1	1	0	1	0
Marmota_flaviventris__yellow-bellied_marmot__HLmarFla1__GCA_003676075.2	1	0	1	0
Marmota_himalayana__Himalayan_marmot__HLmarHim1__GCA_005280165.1	1	0	1	0
Marmota_monax__woodchuck__HLmarMon3__GCA_021218885.1	1	0	1	0
Martes_flavigula__Yellow-throated_marten__HLmarFlav2__GCA_029410595.1	2	1	1	0
Martes_foina__Beach_marten__HLmarFoin2__GCA_964304585.1	2	1	1	0
Martes_foina__beach_marten__HLmarFoi1	2	1	1	0
Martes_martes__European_pine_marten__HLmarMart2__GCA_963455335.1	2	1	1	0
Martes_martes__European_pine_marten__HLmarMat1	2	1	1	0
Mastacomys_fuscus__broad-toothed_rat__HLmasFus1	1	0	1	0
Megaderma_spasma__lesser_false_vampire_bat__HLmegSpa1__GCA_043880595.1	2	1	1	0
Megaptera_novaeangliae__Humpback_whale__HLmegNova3__GCA_041834305.1	3	1	0	2
Meles_meles__Eurasian_badger__HLmeeMel1__GCA_922984935.1	2	1	1	0
Mephitis_mephitis__Striped_skunk__HLmepMeph1__GCA_055769545.1	2	1	1	0
Meriones_psammophilus__Rodents__HLmerPsa1__GCA_036365155.1	1	0	1	0
Meriones_unguiculatus__Mongolian_gerbil__HLmerUng2__GCF_030254825.1	1	0	1	0
Mesocricetus_auratus__golden_hamster__HLmesAur3__GCF_017639785.1	1	0	1	0
Mesoplodon_densirostris__Blainvilles_beaked_whale__HLmesDen2__GCA_025265405.1	4	1	0	3
Microcebus_murinus__Gray_mouse_lemur__HLmicMuri4A__GCF_040939455.1	2	1	1	0
Microcebus_murinus__gray_mouse_lemur__micMur3__GCF_000165445.2	2	1	1	0
Micromys_minutus__European_harvest_mouse__HLmicMin1__GCA_963924665.1	1	0	1	0
Micronycteris_microtis__Common_big-eared_bat__HLmicMicr1A__GCA_051107205.1	2	1	1	0
Microtus_agrestis__short-tailed_field_vole__HLmicAgr2__GCA_902806775.1	1	0	1	0
Microtus_californicus__California_vole__HLmicCal1A__GCA_028537955.1	1	0	1	0
Microtus_californicus__California_vole__HLmicCal1B__GCA_028537755.1	1	0	1	0
Microtus_oregoni__creeping_vole__HLmicOre1__GCF_018167655.1	1	0	1	0
Microtus_pennsylvanicus__Meadow_vole__HLmicPen1A__GCA_037038515.1	1	0	1	0
Microtus_pennsylvanicus__Meadow_vole__HLmicPen1B__GCA_037039175.1	1	0	1	0
Microtus_richardsoni_arvicoloides__water_vole__HLmicRicArv1__GCA_020387435.1	1	0	1	0
Miniopterus_schreibersii__Schreibers_long-fingered_bat__HLminSch2A__GCA_964146895.1	2	1	1	0
Miniopterus_schreibersii__Schreibers_long-fingered_bat__HLminSch2B__GCA_964145185.1	2	1	1	0
Mirounga_leonina__Southern_elephant_seal__HLmirLeo1__GCA_011800145.1	2	1	1	0
Mirza_zaza__Northern_giant_mouse_lemur__HLmirZaz1__GCA_008750895.1	2	1	1	0
Molossus_alvarezi__Alvarezs_mastiff_bat__HLmolAlv1__GCA_031001765.1	2	1	1	0
Molossus_alvarezi__Alvarezs_mastiff_bat__HLmolAlv2A__GCA_037157525.1	2	1	1	0
Molossus_alvarezi__Alvarezs_mastiff_bat__HLmolAlv2B__GCA_037176705.1	2	1	1	0
Molossus_molossus__Pallass_mastiff_bat__HLmolMol2__GCA_014108415.1	2	1	1	0
Molossus_nigricans__Northern_black_mastiff_bat__HLmolNig2A__GCA_039880945.1	2	1	1	0
Molossus_nigricans__Northern_black_mastiff_bat__HLmolNig2B__GCA_039880925.1	2	1	1	0
Molossus_nigricans__northern_black_mastiff_bat__HLmolNig1__GCA_026936385.1	2	1	1	0
Monachus_monachus__Mediterranean_monk_seal__HLmonMona1__GCA_976986665.1	2	1	1	0
Monodon_monoceros__narwhal__HLmonMon2__GCA_005190385.3	3	1	0	2
Mops_condylurus__Angolan_free-tailed_bat__HLmopCon1__GCA_043748645.1	2	1	1	0
Moschus_berezovskii__Chinese_forest_musk_deer__HLmosBere4__GCA_049115385.1	23	1	0	22
Muntiacus_crinifrons__black_muntjac__HLmunCri2__GCA_020276665.1	38	1	0	37
Muntiacus_gongshanensis__Gongshanensis_muntjac__HLmunGon1__GCA_020226025.1	37	1	0	36
Muntiacus_vaginalis__Northern_red_muntjac__HLmunVag1__GCA_039877825.1	42	1	0	41
Mustela_erminea__ermine__HLmusErm1__GCA_009829155.1	2	1	1	0
Mustela_eversmannii__Steppe_polecat__HLmusEve1__GCA_963422785.1	2	1	1	0
Mustela_lutreola__European_mink__HLmusLut1__GCF_030435805.1	2	1	1	0
Mustela_nivalis__Least_weasel__HLmusNiva2A__GCA_964662115.1	2	1	1	0
Mustela_nivalis__least_weasel__HLmusNiv1__GCA_019141155.1	2	1	1	0
Mustela_putorius_furo__domestic_ferret__HLmusFur2__GCA_011764305.1	2	1	1	0
Mustela_putorius_furo__domestic_ferret__HLmusPutFur2__GCF_011764305.1	2	1	1	0
Mus_minutoides__Southern_African_pygmy_mouse__HLmusMin1__GCA_902729475.2	1	0	1	0
Mus_musculus_molossinus__Japanese_wild_mouse__HLmusMusMol40__GCA_921999095.1	1	0	1	0
Mus_musculus__House_mouse__HLmusMusc41__GCA_949316315.1	1	0	1	0
Mus_musculus__house_mouse__mm10__GCF_000001635.20	1	0	1	0
Mus_musculus__house_mouse__mm39__GCF_000001635.27	1	0	1	0
Mus_spretus__Western_wild_mouse__HLmusSpr2__GCA_921997135.2	1	0	1	0
Myospalax_psilurus__Transbaikal_zokor__HLmyoPsil1__GCA_049190895.1	1	0	1	0
Myotis_daubentonii__Daubentons_bat__HLmyoDau2__GCF_963259705.1	3	1	2	0
Myotis_daubentonii__Daubentons_bat__HLmyoDaub3A__GCA_963259705.2	3	1	2	0
Myotis_emarginatus__Geoffroys_bat__HLmyoEma1A__GCA_965115925.1	3	1	2	0
Myotis_mystacinus__Whiskered_bat__HLmyoMys2A__GCA_964094495.2	9	1	8	0
Myotis_mystacinus__Whiskered_bat__HLmyoMys2B__GCA_964195625.1	11	1	10	0
Myotis_mystacinus__Whiskered_bat__HLmyoMyst3A__GCA_964094495.3	9	1	8	0
Myotis_nattereri__Natterers_bat__HLmyoNat1A__GCA_964212035.1	4	1	3	0
Myotis_nattereri__Natterers_bat__HLmyoNat1B__GCA_964212025.1	3	1	2	0
Myotis_nesopolus__Cucacao_Myotis__HLmyoNeso1A__GCA_054855985.1	5	1	4	0
Myotis_pilosus__Ricketts_big-footed_Myotis__HLmyoRic2__GCA_036010255.1	3	1	2	0
Myotis_yumanensis__Yuma_myotis__HLmyoYum1A__GCA_028536395.1	4	1	3	0
Myotis_yumanensis__Yuma_myotis__HLmyoYum1B__GCA_028538775.1	4	1	3	0
Myrmecophaga_tridactyla__giant_anteater__HLmyrTri2	1	1	0	0
Neodon_fuscus__Smokey_vole__HLneoFus1__GCA_047571435.1	1	0	1	0
Neodon_shergylaensis__Shergyla_mountain_vole__HLneoShe1__GCA_025134845.1	1	0	1	0
Neoeptesicus_chiriquinus__Chiriquinan_serotine__HLneoChir1A__GCA_054100705.1	7	1	6	0
Neoeptesicus_chiriquinus__Chiriquinan_serotine__HLneoChir1B__GCA_054099605.1	7	1	6	0
Neoeptesicus_furinalis__Argentine_brown_bat__HLneoFuri1A__GCA_054644455.1	11	1	10	0
Neofelis_nebulosa__Clouded_leopard__HLneoNeb2__GCF_028018385.1	2	1	1	0
Neogale_vison__American_mink__HLneoVis2__GCF_020171115.1	2	1	1	0
Neogale_vison__American_mink__HLneoViso3A__GCA_964106545.1	2	1	1	0
Neomonachus_schauinslandi__Hawaiian_monk_seal__HLneoSch2	2	1	1	0
Neomonachus_schauinslandi__Hawaiian_monk_seal__neoSch1__GCF_002201575.1	2	1	1	0
Neophocaena_sunameri__East_Asian_finless_porpoise__HLneoAsiSun2__GCA_026225855.1	3	1	0	2
Neotoma_floridana__Eastern_woodrat__HLneoFlor1A__GCA_050000055.1	1	0	1	0
Nomascus_leucogenys__Northern_white-cheeked_gibbon__HLnomLeuc5__GCA_040113115.1	4	3	1	0
Nomascus_leucogenys__northern_white-cheeked_gibbon__HLnomLeu4__GCA_006542625.1	5	4	1	0
Nyctalus_aviator__birdlike_noctule__HLnycAvi1__GCA_036971965.1	7	1	6	0
Nyctalus_leisleri__Lesser_noctule__HLnycLeis2A__GCA_964264875.2	14	1	13	0
Nyctereutes_procyonoides__raccoon_dog__HLnycPro4__GCA_905146905.1	2	1	1	0
Nycticebus_bengalensis__Bengal_slow_loris__HLnycBen1__GCA_023898255.1	2	1	1	0
Nycticebus_coucang__slow_loris__HLnycCou2__GCF_027406575.1	2	1	1	0
Ochotona_argentata__Helan_Shan_pika__HLochArge1__GCA_051943095.1	16	15	1	0
Ochotona_princeps__American_pika__HLochPri4__GCF_030435755.1	16	15	1	0
Ondatra_zibethicus__muskrat__HLondZib1__GCA_004026605.1	1	0	1	0
Onychomys_arenicola__Chihuahuan_grasshopper_mouse__HLonyAre1A__GCA_949786405.1	1	0	1	0
Onychomys_arenicola__Chihuahuan_grasshopper_mouse__HLonyAre1B__GCA_949786425.1	1	0	1	0
Onychomys_leucogaster__Northern_grasshopper_mouse__HLonyLeu1__GCA_949786385.1	1	0	1	0
Onychomys_torridus__southern_grasshopper_mouse__HLonyTor1__GCA_903995425.1	1	0	1	0
Orcinus_orca__killer_whale__HLorcOrc3__GCA_937001465.1	4	1	0	3
Orientallactaga_sibirica__Mongolian_five-toed_jerboa__HLoriSib2__GCA_041429955.1	1	0	1	0
Orycteropus_afer__Aardvark__HLoryAfer3A__GCA_054668785.1	1	1	0	0
Oryctolagus_cuniculus__Rabbit__HLoryCuni5__GCF_964237555.1	16	15	1	0
Oryctolagus_cuniculus__Rabbit__HLoryCuni6__GCA_051225735.1	17	16	1	0
Otocyon_megalotis__bat-eared_fox__HLotoMeg2	2	1	1	0
Ovis_aries__Sheep__HLoviArie7__GCA_040805955.1	71	1	0	70
Ovis_canadensis__Bighorn_sheep__HLoviCana3__GCF_042477335.2	72	1	0	71
Pachyuromys_duprasi__fat-tailed_gerbil__HLpacDup1	1	0	1	0
Paguma_larvata__Masked_palm_civet__HLpagLar1__GCA_030068075.1	2	1	1	0
Panthera_leo__Lion__HLpanLeo3A__GCA_046255005.1	2	1	1	0
Panthera_leo__Lion__HLpanLeo3B__GCA_046254995.1	2	1	1	0
Panthera_leo__lion__HLpanLeo2__GCF_018350215.1	2	1	1	0
Panthera_onca__Jaguar__HLpanOnca3A__GCA_046562875.1	2	1	1	0
Panthera_pardus__leopard__HLpanPar2__GCA_024362965.1	2	1	1	0
Panthera_tigris__tiger__HLpanTig3__GCF_018350195.1	2	1	1	0
Pantholops_hodgsonii__Chiru__HLpanHodg2__GCA_040182635.1	96	1	0	95
Pan_paniscus__pygmy_chimpanzee__HLpanPan4__GCA_029289425.3	3	3	0	0
Pan_troglodytes__chimpanzee__HLpanTro7__GCA_028858775.2	3	3	0	0
Pan_troglodytes__chimpanzee__panTro6__GCF_002880755.1	3	3	0	0
Papio_anubis__olive_baboon__HLpapAnu5__GCA_008728515.1	2	2	0	0
Papio_anubis__olive_baboon__HLpapAnu6__GCA_008728515.2	2	2	0	0
Papio_hamadryas__hamadryas_baboon__HLpapHam2__GCA_023781915.1	4	3	1	0
Pekania_pennanti__Fisher__HLpekPenn1__GCA_047676605.1	2	1	1	0
Peponocephala_electra__Melon-headed_whale__HLpepElec2A__GCA_051427945.1	4	1	0	3
Perognathus_longimembris_pacificus__Pacific_pocket_mouse__HLperLonPac2__GCF_023159225.1	1	0	1	0
Peromyscus_californicus_insignis__California_mouse__HLperCal2__GCA_007827085.2	1	0	1	0
Peromyscus_californicus_insignis__California_mouse__HLperCalIns3__GCF_007827085.1	1	0	1	0
Peromyscus_eremicus__Cactus_mouse__HLperErem2__GCF_949786415.1	1	0	1	0
Peromyscus_leucopus__white-footed_mouse__HLperLeu1__GCA_004664715.1	1	0	1	0
Peromyscus_maniculatus_bairdii__Prairie_deer_mouse__HLperManiBai4__GCF_049852395.1	1	0	1	0
Peromyscus_maniculatus_sonoriensis__North_American_deer_mouse__HLperManSon3__GCA_026229955.1	1	0	1	0
Phacochoerus_africanus__Common_warthog__HLphaAfr1__GCA_016906955.1	13	1	0	12
Phoca_vitulina__harbor_seal__HLphoVit1__GCA_004348235.1	2	1	1	0
Phocoena_phocoena__harbor_porpoise__HLphoPho3__GCA_963924675.1	3	1	0	2
Phocoena_sinus__vaquita__HLphoSin1__GCA_008692025.1	3	1	0	2
Phodopus_roborovskii__desert_hamster__HLphoRob1__GCA_943737965.1	1	0	1	0
Phodopus_sungorus__winter_white_dwarf_hamster__HLphoSun2__GCA_030556225.1	1	0	1	0
Phyllostomus_discolor__Pale_spear-nosed_bat__HLphyDisc4__GCF_004126475.2	2	1	1	0
Phyllostomus_discolor__pale_spear-nosed_bat__HLphyDis3__GCA_014049915.1	2	1	1	0
Phyllostomus_hastatus__Greater_spear-nosed_bat__HLphyHast2__GCF_019186645.2	2	1	1	0
Phyllotis_vaccarum__Punta_de_Vaca_leaf-eared_mouse__HLphyVac1__GCA_033318265.1	1	0	1	0
Pipistrellus_abramus__Japanese_house_bat__HLpipAbr1__GCA_044885105.1	13	1	12	0
Pipistrellus_hanaki__Hanakis_dwarf_bat__HLpipHan1__GCA_964339955.1	10	1	9	0
Pipistrellus_nathusii__Nathusiuss_pipistrelle__HLpipNat1A__GCA_963693515.1	12	1	11	0
Pipistrellus_nathusii__Nathusiuss_pipistrelle__HLpipNat1B__GCA_963693525.1	12	1	11	0
Pipistrellus_pipistrellus__common_pipistrelle__HLpipPip2__GCA_903992545.1	12	1	11	0
Pipistrellus_pygmaeus__soprano_pipistrelle__HLpipPyg1__GCA_949987585.1	9	1	8	0
Platyrrhinus_helleri__Hellers_broad-nosed_bat__HLplaHell1A__GCA_051107505.1	2	1	1	0
Plecotus_auritus__brown_big-eared_bat__HLpleAur1__GCA_963455305.1	10	1	9	0
Plecturocebus_cupreus__Coppery_titi__HLpleCup1__GCA_040437455.1	2	1	1	0
Plecturocebus_grovesi__Alta_Floresta_titi_monkey__HLpleGro1__GCA_963574625.1	2	1	1	0
Pongo_abelii__Sumatran_orangutan__HLponAbe4__GCA_028885655.2	8	8	0	0
Pongo_abelii__Sumatran_orangutan__ponAbe3__GCF_002880775.1	1	1	0	0
Pongo_pygmaeus__Bornean_orangutan__HLponPyg1__GCA_023767775.1	1	1	0	0
Pongo_pygmaeus__Bornean_orangutan__HLponPyg2__GCA_028885625.2	5	5	0	0
Prionailurus_bengalensis__leopard_cat__HLpriBen2__GCF_016509475.1	2	1	1	0
Prionailurus_viverrinus__fishing_cat__HLpriViv3__GCF_022837055.1	2	1	1	0
Proteles_cristata_cristata__aardwolf__HLproCriCri1__GCA_017311185.1	2	1	1	0
Psammomys_obesus__fat_sand_rat__HLpsaObe1__GCA_002215935.2	1	0	1	0
Pseudomys_desertor__brown_desert_mouse__HLpseDes1	1	0	1	0
Pseudorca_crassidens__False_killer_whale__HLpseCra2A__GCF_039906515.1	5	1	0	4
Pteromys_volans__Siberian_flying_squirrel__HLpteVola1__GCA_051107445.1	1	0	1	0
Pteronotus_mesoamericanus__Mesoamerican_mustached_bat__HLpteMes1__GCA_021234165.1	2	1	1	0
Pteropus_alecto__black_flying_fox__pteAle1__GCF_000325575.1	2	1	1	0
Pteropus_medius__Indian_flying_fox__HLpteGig1__GCA_902729225.1	2	1	1	0
Pteropus_pselaphon__Bonin_flying_fox__HLptePse1__GCA_014363405.1	2	1	1	0
Puma_concolor__Puma__HLpumConc2A__GCA_028749985.4	2	1	1	0
Pusa_saimensis__Ringed_seal__HLpusHisSai1__GCA_947044825.1	2	1	1	0
Rattus_norvegicus__Norway_rat__HLratNor8__GCF_036323735.1	1	0	1	0
Rattus_norvegicus__Norway_rat__rn7__GCF_015227675.2	1	0	1	0
Rattus_rattus__black_rat__HLratRat7__GCA_011064425.1	1	0	1	0
Reithrodontomys_megalotis_longicaudus__Western_harvest_mouse__HLreiMegLon1__GCA_043882965.1	1	0	1	0
Rhabdomys_dilectus__mesic_four-striped_grass_rat__HLrhaDil1__GCA_019844195.1	1	0	1	0
Rhabdomys_pumilio__Four-striped_grass_mouse__HLrhaPum1__GCA_030674055.1	1	0	1	0
Rhinolophus_affinis__Intermediate_horseshoe_bat__HLrhiAff4__GCA_040057535.1	1	1	0	0
Rhinolophus_affinis__intermediate_horseshoe_bat__HLrhiAff2__GCA_043728065.1	1	1	0	0
Rhinolophus_clivosus__Geoffroys_horseshoe_bat__HLrhiCliv1A__GCA_054645015.1	2	1	1	0
Rhinolophus_ferrumequinum__greater_horseshoe_bat__HLrhiFer5__GCA_014108255.1	1	1	0	0
Rhinolophus_ferrumequinum__greater_horseshoe_bat__HLrhiFer6__GCF_004115265.1	1	1	0	0
Rhinolophus_hipposideros__Lesser_horseshoe_bat__HLrhiHip1A__GCA_964194185.1	1	1	0	0
Rhinolophus_hipposideros__Lesser_horseshoe_bat__HLrhiHip1B__GCA_964194215.1	1	1	0	0
Rhinolophus_perniger_lanosus__Northern_woolly_horseshoe_bat__HLrhiLuc4__GCA_043748575.1	1	1	0	0
Rhinolophus_rex__king_horseshoe_bat__HLrhiRex1__GCA_041825415.1	2	1	1	0
Rhinolophus_sinicus__Chinese_rufous_horseshoe_bat__HLrhiSin4__GCA_036562045.1	1	1	0	0
Rhinolophus_trifoliatus__Trefoil_horseshoe_bat__HLrhiTri2__GCA_043728145.1	1	1	0	0
Rhinolophus_yonghoiseni__Yong_Hoi_Sens_woolly_horseshoe_bat__HLrhiSed2__GCA_043880425.1	1	1	0	0
Rhinopithecus_bieti__Black-and-white_snub-nosed_monkey__HLrhiBiet3	2	1	1	0
Rhinopithecus_roxellana__golden_snub-nosed_monkey__HLrhiRox2__GCA_007565055.1	3	3	0	0
Rhinopoma_cystops__Egyptian_mouse-tailed_bat__HLrhiCyst1A__GCA_055761895.1	2	1	1	0
Rhinopoma_cystops__Egyptian_mouse-tailed_bat__HLrhiCyst1B__GCA_055761905.1	2	1	1	0
Rhinopoma_microphyllum__Greater_mouse-tailed_bat__HLrhiMic1__GCA_043880545.1	2	1	1	0
Rhynchocyon_petersi__Black_and_rufous_elephant_shrew__HLrhyPet1A__GCA_043290085.1	2	1	1	0
Rhynchocyon_petersi__Black_and_rufous_elephant_shrew__HLrhyPet1B__GCA_043290065.1	2	1	1	0
Rhynchomys_soricoides__Mount_Data_shrew_rat__HLrhySor1__GCA_019843965.1	1	0	1	0
Rhynchonycteris_naso__Proboscis_bat__HLrhyNas2A__GCA_037038545.1	2	1	1	0
Rhynchonycteris_naso__Proboscis_bat__HLrhyNas2B__GCA_037038555.1	2	1	1	0
Rousettus_aegyptiacus__Egyptian_rousette__HLrouAeg4__GCA_014176215.1	2	1	1	0
Rousettus_leschenaultii__Leschenaults_rousette__HLrouLesc2A__GCA_053538355.1	2	1	1	0
Rupicapra_rupicapra__Chamois__HLrupRup1__GCA_963981305.1	62	1	0	61
Saccopteryx_bilineata__greater_sac-winged_bat__HLsacBil1__GCF_036850765.1	2	1	1	0
Saccopteryx_leptura__lesser_sac-winged_bat__HLsacLep1__GCF_036850995.1	2	1	1	0
Saguinus_midas__Midas_tamarin__HLsagMid1__GCA_021498475.1	2	1	1	0
Saguinus_oedipus__Cotton-top_tamarin__HLsagOed1__GCA_031835075.1	2	1	1	0
Saimiri_boliviensis_boliviensis__Bolivian_squirrel_monkey__HLsaiBolBol2__GCF_016699345.1	2	1	1	0
Saimiri_boliviensis_boliviensis__Bolivian_squirrel_monkey__HLsaiBolBol3__GCF_016699345.2	2	1	1	0
Saimiri_boliviensis__Bolivian_squirrel_monkey__HLsaiBoli4__GCA_048565385.1	2	1	1	0
Salpingotus_crassicauda__Thick-tailed_pygmy_jerboa__HLsalCra1__GCA_040869305.1	1	0	1	0
Sapajus_apella__tufted_capuchin__HLsapApe3__GCA_023762875.2	2	1	1	0
Scaptochirus_moschatus__Short-faced_mole__HLscaMos1__GCA_042919465.1	2	1	1	0
Sciurus_carolinensis__gray_squirrel__HLsciCar1__GCA_902686445.1	1	0	1	0
Sciurus_vulgaris__Eurasian_red_squirrel__HLsciVul1__GCA_902686455.1	1	0	1	0
Scotinomys_teguina__Alstons_brown_mouse__HLscoTegu1__GCA_049901635.1	1	0	1	0
Scutisorex_somereni__Hero_shrew__HLscuSome1__GCA_054737625.1	2	1	1	0
Sicista_trizona__Hungarian_birch_mouse__HLsicTriz1A__GCA_982266845.1	1	0	1	0
Sigmodon_hispidus__Hispid_cotton_rat__HLsigHis2__GCA_041721565.1	1	0	1	0
Sigmodon_hispidus__Hispid_cotton_rat__HLsigHisp3__GCA_047301775.1	1	0	1	0
Sorex_fumeus__smoky_shrew__HLsorFum1__GCF_029834395.1	2	1	1	0
Sorex_ornatus__Ornate_shrew__HLsorOrn1A__GCA_041430695.1	2	1	1	0
Sorex_ornatus__Ornate_shrew__HLsorOrn1B__GCA_041430635.1	2	1	1	0
Spermophilus_citellus__European_suslik__HLspeCit1__GCA_964194105.1	1	0	1	0
Spilogale_interrupta__plains_spotted_skunk__HLspiInt1__GCA_023159085.1	2	1	1	0
Sturnira_hondurensis__Honduras_yellow-shouldered_bat__HLstuHon1__GCA_014824575.1	2	1	1	0
Sturnira_parvidens__Northern_Yellow-shouldered_Bat__HLstuParv1A__GCA_054855685.1	2	1	1	0
Sturnira_parvidens__Northern_Yellow-shouldered_Bat__HLstuParv1B__GCA_054855695.1	2	1	1	0
Suncus_etruscus__white-toothed_pygmy_shrew__HLsunEtr1__GCF_024139225.1	2	1	1	0
Suncus_murinus__House_shrew__HLsunMuri1__GCA_055769025.1	2	1	1	0
Sus_scrofa__Pig__HLsusScro12__GCA_048338725.1	19	1	0	18
Sylvilagus_floridanus__eastern_cottontail__HLsylFlo1__GCA_949820135.1	18	17	1	0
Symphalangus_syndactylus__siamang__HLsymSyn3__GCF_028878055.1	4	3	1	0
Symphalangus_syndactylus__siamang__HLsymSyn4__GCA_028878055.3	4	3	1	0
Tadarida_brasiliensis__Brazilian_free-tailed_bat__HLtadBra3__GCA_030848825.1	2	1	1	0
Tadarida_teniotis__European_free-tailed_bat__HLtadTeni1A__GCA_976988885.1	2	1	1	0
Talpa_europaea__European_mole__HLtalEur1A__GCA_964194135.1	2	1	1	0
Talpa_europaea__European_mole__HLtalEur1B__GCA_964194205.1	2	1	1	0
Talpa_occidentalis__Iberian_mole__HLtalOcc1__GCA_014898055.1	2	1	1	0
Tamandua_tetradactyla__southern_tamandua__HLtamTet2__GCA_023851605.1	2	1	1	0
Tamias_sibiricus__Siberian_chipmunk__HLtamSib1__GCA_025594165.1	1	0	1	0
Tamias_sibiricus__Siberian_chipmunk__HLtamSibi2__GCA_047496905.1	1	0	1	0
Tapirus_indicus__Asiatic_tapir__HLtapIndi3A__GCA_031878655.1	11	9	2	0
Tapirus_indicus__Asiatic_tapir__HLtapIndi3B__GCA_031878705.1	11	9	2	0
Tenrec_ecaudatus__Tailless_tenrec__HLtenEca1A	2	1	1	0
Tenrec_ecaudatus__Tailless_tenrec__HLtenEca1B	2	1	1	0
Tenrec_ecaudatus__Tailless_tenrec__HLtenEcau2A__GCF_050624435.1	2	1	1	0
Tenrec_ecaudatus__Tailless_tenrec__HLtenEcau2B__GCA_050624465.1	2	1	1	0
Thomomys_bottae__Bottas_pocket_gopher__HLthoBot2A__GCA_031878675.1	1	0	1	0
Thomomys_bottae__Bottas_pocket_gopher__HLthoBot2B__GCA_031878665.1	1	0	1	0
Tokudaia_muenninki__Okinawa_island_spiny_rat__HLtokMue1__GCA_036184385.1	1	0	1	0
Tokudaia_tokunoshimensis__Tokunoshima_spiny_rat__HLtokTok1__GCA_036184795.1	1	0	1	0
Trachypithecus_francoisi__Francoiss_langur__HLtraFra1__GCA_009764315.1	3	2	1	0
Trachypithecus_germaini__Indochinese_lutung__HLtraGer1__GCA_047047975.1	4	4	0	0
Trachypithecus_phayrei_crepuscula__Phayres_leaf_monkey__HLtraPhaCre1__GCA_023762245.1	2	2	0	0
Trachypithecus_shortridgei__Shortridges_langur__HLtraShor1__GCA_054345695.1	4	4	0	0
Trichechus_inunguis__Amazon_manatee__HLtriInu1A__GCA_046562895.1	4	3	1	0
Trichechus_inunguis__Amazon_manatee__HLtriInu1B__GCA_046562985.1	4	3	1	0
Tupaia_chinensis__Chinese_tree_shrew__HLtupChi2__GCA_033439345.1	2	1	1	0
Tupaia_tana__large_tree_shrew__HLtupTan1__GCA_026018925.1	2	1	1	0
Tursiops_truncatus__common_bottlenose_dolphin__HLturTru5__GCF_011762595.1	3	1	0	2
Typhlomys_cinereus__Soft-furred_tree_mouse__HLtypCin1__GCA_023101885.1	1	0	1	0
Urocitellus_parryii__Arctic_ground_squirrel__HLuroPar1__GCA_003426925.1	1	0	1	0
Urocitellus_parryii__Arctic_ground_squirrel__HLuroPar2A__GCA_045843805.1	1	0	1	0
Urocitellus_parryii__Arctic_ground_squirrel__HLuroPar2B__GCA_045843765.1	1	0	1	0
Urocyon_cinereoargenteus__Gray_fox__HLuroCin1__GCA_032313775.1	2	1	1	0
Urocyon_littoralis_catalinae__Santa_Catalina_Island_fox__HLuroLitCat1	2	1	1	0
Uromys_caudimaculatus__giant_uromys__HLuroCau1	1	0	1	0
Ursus_americanus__American_black_bear__HLursAme3__GCF_020975775.1	2	1	1	0
Ursus_arctos__brown_bear__HLursArc2__GCF_023065955.1	2	1	1	0
Ursus_maritimus__polar_bear__HLursMar2__GCF_017311325.1	2	1	1	0
Ursus_thibetanus_thibetanus__Asiatic_black_bear__HLursThi1__GCA_009660055.1	2	1	1	0
Vespertilio_murinus__particolored_bat__HLvesMur1__GCA_963924515.1	10	1	9	0
Vicugna_pacos_huacaya__alpaca__HLvicPacHua3__GCA_000767525.1	2	1	0	1
Vicugna_pacos__Alpaca__HLvicPaco5__GCF_048564905.1	2	1	0	1
Vicugna_vicugna_mensalis__vicugna__HLvicVicMen1__GCA_013265495.1	2	1	0	1
Vulpes_corsac__Corsac_fox__HLvulCor1__GCA_030463245.1	2	1	1	0
Vulpes_ferrilata__Tibetan_sand_fox__HLvulFer1__GCA_024500485.1	2	1	1	0
Vulpes_lagopus__Arctic_fox__HLvulLag2__GCF_018345385.1	2	1	1	0
Vulpes_vulpes__Red_fox__HLvulVul3__GCA_048418805.1	2	1	1	0
Xanthonycticebus_pygmaeus__pygmy_slow_loris__HLxanPyg1	2	1	1	0
Zalophus_californianus__California_sea_lion__HLzalCal1__GCA_009762305.1	2	1	1	0
Zalophus_californianus__California_sea_lion__HLzalCali2__GCF_009762305.2	2	1	1	0
hg38	3	3	0	0
